platform,critic_score,na_sales,eu_sales,jp_sales,other_sales,total_sales
3ds,26.0,10.0,10.0,0.0,0.0,20.0
3ds,34.0,0.0,30.0,0.0,0.0,30.0
3ds,38.0,0.0,10.0,0.0,0.0,10.0
3ds,42.0,90.0,30.0,0.0,10.0,130.0
3ds,43.0,370.0,250.0,20.0,50.0,690.0
3ds,44.0,250.0,60.0,50.0,30.0,390.0
3ds,45.0,30.0,0.0,0.0,0.0,30.0
3ds,46.0,30.0,0.0,720.0,0.0,750.0
3ds,47.0,440.0,400.0,40.0,90.0,970.0
3ds,47.67,110.0,0.0,0.0,10.0,120.0
3ds,48.0,50.0,40.0,0.0,10.0,100.0
3ds,49.0,460.0,170.0,60.0,60.0,750.0
3ds,50.0,80.0,30.0,0.0,10.0,120.0
3ds,51.0,1180.0,2260.0,2000.0,280.0,5720.0
3ds,52.0,530.0,520.0,60.0,110.0,1220.0
3ds,52.5,0.0,0.0,160.0,0.0,160.0
3ds,52.67,50.0,40.0,0.0,10.0,100.0
3ds,53.0,210.0,120.0,100.0,30.0,460.0
3ds,54.0,400.0,90.0,60.0,40.0,590.0
3ds,55.0,320.0,180.0,50.0,50.0,600.0
3ds,56.0,1020.0,420.0,350.0,140.0,1930.0
3ds,57.0,820.0,680.0,840.0,130.0,2470.0
3ds,58.0,690.0,230.0,210.0,80.0,1210.0
3ds,58.5,1840.0,1520.0,760.0,310.0,4430.0
3ds,59.0,870.0,550.0,540.0,130.0,2090.0
3ds,60.0,260.0,240.0,400.0,40.0,940.0
3ds,61.0,1140.0,980.0,400.0,200.0,2720.0
3ds,62.0,550.0,220.0,30.0,70.0,870.0
3ds,63.0,0.0,0.0,80.0,0.0,80.0
3ds,64.0,740.0,670.0,380.0,130.0,1920.0
3ds,65.0,430.0,420.0,230.0,80.0,1160.0
3ds,65.5,2350.0,1410.0,1000.0,350.0,5110.0
3ds,66.0,1540.0,1660.0,1560.0,260.0,5020.0
3ds,66.5,540.0,100.0,0.0,50.0,690.0
3ds,67.0,1390.0,1430.0,840.0,260.0,3920.0
3ds,68.0,790.0,540.0,1050.0,120.0,2500.0
3ds,69.0,1460.0,990.0,970.0,230.0,3650.0
3ds,69.5,0.0,0.0,70.0,0.0,70.0
3ds,69.75,100.0,120.0,0.0,20.0,240.0
3ds,70.0,350.0,350.0,880.0,50.0,1630.0
3ds,70.5,3270.0,1390.0,3050.0,480.0,8190.0
3ds,70.75,310.0,230.0,30.0,50.0,620.0
3ds,70.83,280.0,310.0,50.0,50.0,690.0
3ds,71.0,1650.0,1320.0,830.0,260.0,4060.0
3ds,71.83,100.0,330.0,130.0,50.0,610.0
3ds,72.0,7050.0,5810.0,14420.0,1080.0,28360.0
3ds,72.5,4560.0,3520.0,10310.0,770.0,19160.0
3ds,73.0,1800.0,1190.0,5220.0,270.0,8480.0
3ds,73.33,170.0,100.0,0.0,20.0,290.0
3ds,73.5,210.0,200.0,220.0,40.0,670.0
3ds,74.0,1870.0,1010.0,10140.0,250.0,13270.0
3ds,74.5,1020.0,670.0,2780.0,150.0,4620.0
3ds,75.0,2960.0,1230.0,1520.0,380.0,6090.0
3ds,75.5,0.0,50.0,830.0,0.0,880.0
3ds,76.0,810.0,680.0,2630.0,130.0,4250.0
3ds,77.0,1930.0,1150.0,2470.0,310.0,5860.0
3ds,77.33,0.0,0.0,190.0,0.0,190.0
3ds,77.5,0.0,0.0,110.0,0.0,110.0
3ds,77.6,20.0,0.0,0.0,0.0,20.0
3ds,78.0,4860.0,4150.0,4660.0,810.0,14480.0
3ds,78.5,0.0,0.0,500.0,0.0,500.0
3ds,79.0,670.0,1140.0,890.0,180.0,2880.0
3ds,80.0,1410.0,1160.0,1490.0,230.0,4290.0
3ds,81.0,1180.0,1030.0,1280.0,190.0,3680.0
3ds,81.33,100.0,80.0,100.0,20.0,300.0
3ds,82.0,970.0,890.0,440.0,160.0,2460.0
3ds,83.0,4260.0,1950.0,4260.0,620.0,11090.0
3ds,84.0,460.0,290.0,1960.0,70.0,2780.0
3ds,85.0,5700.0,4540.0,2890.0,1020.0,14150.0
3ds,86.0,2480.0,1870.0,3730.0,400.0,8480.0
3ds,86.4,0.0,220.0,0.0,10.0,230.0
3ds,86.5,0.0,0.0,60.0,0.0,60.0
3ds,87.0,740.0,620.0,410.0,130.0,1900.0
3ds,88.0,2060.0,2360.0,4390.0,390.0,9200.0
3ds,89.0,1150.0,550.0,1330.0,170.0,3200.0
3ds,90.0,4970.0,3040.0,2160.0,790.0,10960.0
3ds,91.0,1400.0,1010.0,460.0,230.0,3100.0
3ds,92.0,1170.0,590.0,660.0,170.0,2590.0
dc,58.5,0.0,0.0,40.0,0.0,40.0
dc,59.0,0.0,0.0,90.0,0.0,90.0
dc,63.0,0.0,0.0,350.0,0.0,350.0
dc,64.5,1120.0,50.0,960.0,20.0,2150.0
dc,65.0,0.0,0.0,40.0,0.0,40.0
dc,65.5,410.0,230.0,470.0,30.0,1140.0
dc,68.0,0.0,0.0,330.0,0.0,330.0
dc,69.0,0.0,0.0,290.0,0.0,290.0
dc,69.75,0.0,0.0,390.0,0.0,390.0
dc,70.5,0.0,0.0,320.0,0.0,320.0
dc,71.5,0.0,0.0,100.0,0.0,100.0
dc,72.0,0.0,0.0,20.0,0.0,20.0
dc,74.5,1100.0,510.0,120.0,80.0,1810.0
dc,78.0,0.0,0.0,580.0,0.0,580.0
dc,80.0,0.0,0.0,410.0,0.0,410.0
dc,81.0,0.0,0.0,170.0,0.0,170.0
dc,82.0,0.0,0.0,590.0,0.0,590.0
dc,82.5,1260.0,610.0,460.0,80.0,2410.0
dc,83.0,0.0,0.0,50.0,0.0,50.0
dc,84.0,0.0,0.0,130.0,0.0,130.0
dc,88.0,520.0,240.0,590.0,40.0,1390.0
dc,88.5,0.0,0.0,510.0,0.0,510.0
dc,89.0,0.0,0.0,400.0,0.0,400.0
dc,90.0,0.0,0.0,200.0,0.0,200.0
dc,93.0,0.0,0.0,90.0,0.0,90.0
dc,97.0,1020.0,50.0,0.0,20.0,1090.0
dc,98.0,0.0,0.0,340.0,0.0,340.0
ds,19.0,130.0,0.0,0.0,10.0,140.0
ds,20.0,1150.0,400.0,0.0,150.0,1700.0
ds,23.0,70.0,0.0,0.0,10.0,80.0
ds,25.0,470.0,250.0,0.0,80.0,800.0
ds,26.0,140.0,0.0,0.0,10.0,150.0
ds,27.0,30.0,0.0,0.0,0.0,30.0
ds,28.0,330.0,0.0,0.0,30.0,360.0
ds,31.0,50.0,0.0,0.0,0.0,50.0
ds,31.5,120.0,0.0,0.0,10.0,130.0
ds,32.0,80.0,0.0,0.0,10.0,90.0
ds,33.0,400.0,20.0,0.0,30.0,450.0
ds,34.0,380.0,0.0,470.0,30.0,880.0
ds,35.0,350.0,0.0,0.0,20.0,370.0
ds,36.0,190.0,30.0,140.0,20.0,380.0
ds,37.0,520.0,0.0,10.0,40.0,570.0
ds,38.0,550.0,50.0,0.0,40.0,640.0
ds,39.0,530.0,20.0,0.0,40.0,590.0
ds,40.0,260.0,150.0,0.0,30.0,440.0
ds,40.5,40.0,0.0,0.0,0.0,40.0
ds,41.0,220.0,20.0,0.0,10.0,250.0
ds,42.0,360.0,180.0,0.0,30.0,570.0
ds,43.0,1200.0,370.0,0.0,150.0,1720.0
ds,44.0,2200.0,70.0,10.0,170.0,2450.0
ds,45.0,2320.0,410.0,0.0,250.0,2980.0
ds,46.0,1290.0,270.0,390.0,150.0,2100.0
ds,47.0,2820.0,500.0,0.0,290.0,3610.0
ds,48.0,1880.0,1110.0,0.0,320.0,3310.0
ds,49.0,1650.0,1130.0,200.0,300.0,3280.0
ds,50.0,1670.0,400.0,30.0,190.0,2290.0
ds,50.5,30.0,10.0,0.0,0.0,40.0
ds,51.0,1170.0,670.0,0.0,210.0,2050.0
ds,52.0,610.0,480.0,0.0,130.0,1220.0
ds,53.0,1660.0,290.0,110.0,180.0,2240.0
ds,54.0,2910.0,1660.0,440.0,480.0,5490.0
ds,55.0,1950.0,600.0,140.0,250.0,2940.0
ds,55.33,350.0,210.0,0.0,60.0,620.0
ds,56.0,3700.0,1000.0,60.0,430.0,5190.0
ds,56.33,240.0,0.0,0.0,20.0,260.0
ds,57.0,2370.0,800.0,310.0,310.0,3790.0
ds,57.25,50.0,0.0,0.0,0.0,50.0
ds,57.5,110.0,0.0,0.0,10.0,120.0
ds,57.67,350.0,80.0,0.0,40.0,470.0
ds,58.0,3360.0,940.0,150.0,390.0,4840.0
ds,58.5,7200.0,2140.0,1970.0,860.0,12170.0
ds,59.0,4550.0,2440.0,2300.0,730.0,10020.0
ds,59.5,180.0,100.0,0.0,30.0,310.0
ds,60.0,5330.0,1580.0,360.0,660.0,7930.0
ds,61.0,10540.0,3460.0,2400.0,1330.0,17730.0
ds,61.5,4240.0,1310.0,1010.0,550.0,7110.0
ds,61.67,200.0,80.0,0.0,20.0,300.0
ds,62.0,10340.0,4330.0,3140.0,1320.0,19130.0
ds,62.67,300.0,270.0,0.0,70.0,640.0
ds,63.0,15570.0,6670.0,10540.0,1990.0,34770.0
ds,64.0,3040.0,250.0,150.0,260.0,3700.0
ds,64.5,0.0,30.0,0.0,0.0,30.0
ds,65.0,20940.0,6050.0,2550.0,2560.0,32100.0
ds,65.12,580.0,0.0,0.0,40.0,620.0
ds,65.33,200.0,10.0,0.0,20.0,230.0
ds,65.5,1650.0,520.0,580.0,220.0,2970.0
ds,66.0,24960.0,6250.0,8030.0,2850.0,42090.0
ds,66.5,3230.0,1980.0,680.0,420.0,6310.0
ds,67.0,25010.0,13290.0,3650.0,4010.0,45960.0
ds,67.25,130.0,10.0,0.0,10.0,150.0
ds,67.67,140.0,0.0,0.0,10.0,150.0
ds,68.0,8530.0,2670.0,12060.0,900.0,24160.0
ds,68.33,260.0,210.0,0.0,50.0,520.0
ds,68.5,0.0,0.0,230.0,0.0,230.0
ds,69.0,15480.0,7450.0,6980.0,2130.0,32040.0
ds,70.0,23890.0,8650.0,8250.0,3140.0,43930.0
ds,70.25,250.0,30.0,0.0,20.0,300.0
ds,70.5,570.0,280.0,280.0,80.0,1210.0
ds,71.0,6170.0,4220.0,2080.0,1100.0,13570.0
ds,71.4,0.0,120.0,0.0,10.0,130.0
ds,71.5,300.0,130.0,1830.0,30.0,2290.0
ds,71.67,80.0,0.0,0.0,10.0,90.0
ds,71.83,160.0,0.0,250.0,10.0,420.0
ds,72.0,16190.0,7820.0,11310.0,2340.0,37660.0
ds,72.5,3680.0,1560.0,5440.0,550.0,11230.0
ds,72.75,50.0,0.0,0.0,0.0,50.0
ds,73.0,12890.0,6320.0,9450.0,2120.0,30780.0
ds,73.5,0.0,0.0,440.0,0.0,440.0
ds,74.0,6800.0,5220.0,2600.0,1320.0,15940.0
ds,74.2,390.0,240.0,0.0,60.0,690.0
ds,74.5,3180.0,1980.0,3140.0,460.0,8760.0
ds,75.0,18190.0,15450.0,6550.0,4130.0,44320.0
ds,75.5,50.0,0.0,1170.0,0.0,1220.0
ds,75.75,300.0,0.0,0.0,20.0,320.0
ds,76.0,4390.0,1230.0,3210.0,580.0,9410.0
ds,77.0,10610.0,15210.0,12760.0,3500.0,42080.0
ds,77.67,220.0,130.0,0.0,30.0,380.0
ds,77.83,100.0,650.0,0.0,110.0,860.0
ds,78.0,3140.0,1190.0,3100.0,440.0,7870.0
ds,79.0,6350.0,1420.0,650.0,680.0,9100.0
ds,80.0,8400.0,2690.0,2130.0,1060.0,14280.0
ds,81.0,5790.0,2210.0,3350.0,760.0,12110.0
ds,81.67,60.0,0.0,0.0,0.0,60.0
ds,82.0,3190.0,2120.0,670.0,520.0,6500.0
ds,82.2,140.0,370.0,0.0,70.0,580.0
ds,83.0,6210.0,5600.0,7480.0,1530.0,20820.0
ds,84.0,2250.0,2140.0,3750.0,570.0,8710.0
ds,85.0,3180.0,2560.0,1940.0,710.0,8390.0
ds,86.0,4030.0,5150.0,6630.0,1220.0,17030.0
ds,87.0,2580.0,1610.0,5090.0,460.0,9740.0
ds,88.0,640.0,50.0,270.0,50.0,1010.0
ds,89.0,11620.0,9170.0,6530.0,2910.0,30230.0
ds,90.0,2150.0,1820.0,990.0,510.0,5470.0
ds,91.0,9710.0,7470.0,4130.0,1900.0,23210.0
ds,92.0,610.0,160.0,490.0,80.0,1340.0
ds,93.0,580.0,560.0,50.0,140.0,1330.0
gb,61.67,940.0,620.0,100.0,70.0,1730.0
gb,63.0,0.0,0.0,140.0,0.0,140.0
gb,64.5,0.0,0.0,170.0,0.0,170.0
gb,65.0,920.0,530.0,410.0,60.0,1920.0
gb,66.0,3810.0,1430.0,1090.0,200.0,6530.0
gb,68.0,870.0,520.0,410.0,60.0,1860.0
gb,70.0,0.0,0.0,830.0,0.0,830.0
gb,70.5,500.0,180.0,760.0,60.0,1500.0
gb,71.0,1110.0,510.0,690.0,230.0,2540.0
gb,73.0,0.0,0.0,3870.0,0.0,3870.0
gb,73.5,0.0,0.0,200.0,0.0,200.0
gb,75.0,290.0,170.0,750.0,20.0,1230.0
gb,77.0,0.0,0.0,310.0,0.0,310.0
gb,78.0,1040.0,720.0,1190.0,130.0,3080.0
gb,81.0,14890.0,11220.0,13970.0,1310.0,41390.0
gb,82.0,0.0,0.0,420.0,0.0,420.0
gb,82.5,0.0,0.0,380.0,0.0,380.0
gb,83.0,2550.0,1560.0,4680.0,1000.0,9790.0
gb,85.5,0.0,0.0,1670.0,10.0,1680.0
gb,86.0,0.0,0.0,400.0,0.0,400.0
gb,88.0,1490.0,730.0,2990.0,110.0,5320.0
gb,92.0,900.0,380.0,10.0,50.0,1340.0
gb,94.0,0.0,0.0,70.0,0.0,70.0
gba,23.0,40.0,10.0,0.0,0.0,50.0
gba,24.0,50.0,20.0,0.0,0.0,70.0
gba,27.0,220.0,80.0,0.0,10.0,310.0
gba,30.0,110.0,40.0,0.0,0.0,150.0
gba,33.0,70.0,30.0,0.0,0.0,100.0
gba,35.0,40.0,20.0,0.0,0.0,60.0
gba,36.0,220.0,80.0,0.0,10.0,310.0
gba,37.0,40.0,10.0,0.0,0.0,50.0
gba,38.0,580.0,210.0,0.0,10.0,800.0
gba,39.0,960.0,360.0,0.0,20.0,1340.0
gba,39.5,140.0,50.0,0.0,0.0,190.0
gba,40.0,960.0,350.0,0.0,20.0,1330.0
gba,41.0,160.0,60.0,0.0,0.0,220.0
gba,42.0,380.0,140.0,0.0,10.0,530.0
gba,43.0,30.0,10.0,0.0,0.0,40.0
gba,44.0,90.0,40.0,0.0,0.0,130.0
gba,44.5,20.0,10.0,0.0,0.0,30.0
gba,45.0,350.0,130.0,0.0,10.0,490.0
gba,46.0,810.0,300.0,0.0,20.0,1130.0
gba,47.0,1090.0,410.0,0.0,30.0,1530.0
gba,48.0,410.0,160.0,0.0,10.0,580.0
gba,49.0,2230.0,820.0,0.0,40.0,3090.0
gba,49.33,30.0,10.0,0.0,0.0,40.0
gba,50.0,1380.0,520.0,0.0,30.0,1930.0
gba,51.0,90.0,30.0,0.0,0.0,120.0
gba,51.2,400.0,150.0,0.0,10.0,560.0
gba,52.0,1330.0,1220.0,30.0,110.0,2690.0
gba,52.33,40.0,20.0,0.0,0.0,60.0
gba,53.0,3460.0,830.0,120.0,110.0,4520.0
gba,53.67,80.0,30.0,0.0,0.0,110.0
gba,54.0,660.0,250.0,280.0,20.0,1210.0
gba,54.5,140.0,50.0,0.0,0.0,190.0
gba,55.0,3490.0,1640.0,210.0,150.0,5490.0
gba,56.0,480.0,170.0,0.0,10.0,660.0
gba,56.5,20.0,10.0,0.0,0.0,30.0
gba,57.0,1170.0,440.0,0.0,10.0,1620.0
gba,58.0,2060.0,730.0,860.0,70.0,3720.0
gba,59.0,1200.0,440.0,0.0,30.0,1670.0
gba,60.0,2130.0,770.0,300.0,50.0,3250.0
gba,61.0,1040.0,390.0,70.0,10.0,1510.0
gba,61.33,30.0,10.0,0.0,0.0,40.0
gba,61.5,1260.0,470.0,0.0,30.0,1760.0
gba,61.8,290.0,110.0,0.0,10.0,410.0
gba,62.0,2770.0,1030.0,150.0,70.0,4020.0
gba,62.5,1910.0,1170.0,40.0,150.0,3270.0
gba,63.0,2290.0,830.0,0.0,30.0,3150.0
gba,63.67,10.0,0.0,0.0,0.0,10.0
gba,64.0,6040.0,2370.0,1160.0,240.0,9810.0
gba,64.5,600.0,220.0,0.0,10.0,830.0
gba,65.0,14780.0,5390.0,1020.0,350.0,21540.0
gba,66.0,3390.0,1260.0,430.0,70.0,5150.0
gba,67.0,1820.0,680.0,120.0,30.0,2650.0
gba,67.25,180.0,70.0,0.0,0.0,250.0
gba,67.5,50.0,20.0,0.0,0.0,70.0
gba,68.0,5390.0,2000.0,1070.0,160.0,8620.0
gba,68.5,6410.0,2370.0,0.0,100.0,8880.0
gba,69.0,7920.0,3180.0,1700.0,390.0,13190.0
gba,69.5,90.0,30.0,320.0,10.0,450.0
gba,70.0,7000.0,2620.0,4400.0,300.0,14320.0
gba,70.5,3670.0,1290.0,950.0,200.0,6110.0
gba,70.67,880.0,330.0,0.0,20.0,1230.0
gba,71.0,4830.0,1690.0,0.0,130.0,6650.0
gba,71.5,70.0,30.0,0.0,0.0,100.0
gba,72.0,2690.0,1080.0,610.0,120.0,4500.0
gba,72.5,500.0,190.0,240.0,10.0,940.0
gba,73.0,4430.0,1010.0,930.0,140.0,6510.0
gba,74.0,3200.0,1540.0,660.0,210.0,5610.0
gba,74.5,5290.0,3010.0,3520.0,370.0,12190.0
gba,75.0,5010.0,1800.0,2520.0,200.0,9530.0
gba,75.83,190.0,70.0,0.0,0.0,260.0
gba,76.0,16670.0,8520.0,10820.0,1130.0,37140.0
gba,76.5,10.0,10.0,350.0,10.0,380.0
gba,77.0,3930.0,1470.0,450.0,110.0,5960.0
gba,77.33,50.0,20.0,0.0,0.0,70.0
gba,78.0,5260.0,2080.0,920.0,240.0,8500.0
gba,79.0,7210.0,2910.0,460.0,210.0,10790.0
gba,80.0,1950.0,700.0,660.0,70.0,3380.0
gba,81.0,4730.0,1400.0,1870.0,180.0,8180.0
gba,82.0,1700.0,620.0,320.0,40.0,2680.0
gba,83.0,1520.0,820.0,470.0,80.0,2890.0
gba,84.0,4930.0,1900.0,2540.0,280.0,9650.0
gba,85.0,1300.0,480.0,520.0,40.0,2340.0
gba,86.0,1510.0,620.0,640.0,200.0,2970.0
gba,87.0,2260.0,1170.0,1150.0,180.0,4760.0
gba,88.0,1620.0,1000.0,1240.0,120.0,3980.0
gba,89.0,1960.0,610.0,220.0,120.0,2910.0
gba,90.0,370.0,140.0,0.0,10.0,520.0
gba,90.25,230.0,80.0,0.0,10.0,320.0
gba,90.5,90.0,30.0,0.0,0.0,120.0
gba,91.0,1730.0,670.0,450.0,80.0,2930.0
gba,92.0,1680.0,460.0,450.0,80.0,2670.0
gba,93.0,2620.0,1640.0,990.0,230.0,5480.0
gba,95.0,2600.0,830.0,330.0,120.0,3880.0
gc,19.0,190.0,50.0,0.0,10.0,250.0
gc,23.0,10.0,0.0,0.0,0.0,10.0
gc,27.0,10.0,0.0,0.0,0.0,10.0
gc,29.0,60.0,20.0,0.0,0.0,80.0
gc,31.5,10.0,0.0,0.0,0.0,10.0
gc,33.0,160.0,40.0,0.0,10.0,210.0
gc,35.0,30.0,10.0,0.0,0.0,40.0
gc,36.0,300.0,70.0,0.0,0.0,370.0
gc,39.0,550.0,140.0,0.0,10.0,700.0
gc,40.0,130.0,30.0,0.0,0.0,160.0
gc,42.0,220.0,60.0,0.0,10.0,290.0
gc,44.0,130.0,30.0,0.0,0.0,160.0
gc,46.0,290.0,70.0,0.0,10.0,370.0
gc,47.0,610.0,140.0,0.0,20.0,770.0
gc,48.0,710.0,180.0,0.0,30.0,920.0
gc,49.0,590.0,150.0,0.0,20.0,760.0
gc,50.0,390.0,100.0,0.0,10.0,500.0
gc,51.0,1090.0,280.0,0.0,30.0,1400.0
gc,52.0,90.0,20.0,0.0,0.0,110.0
gc,52.5,40.0,10.0,0.0,0.0,50.0
gc,53.0,510.0,130.0,0.0,20.0,660.0
gc,54.0,670.0,170.0,0.0,10.0,850.0
gc,55.0,720.0,190.0,70.0,20.0,1000.0
gc,56.0,520.0,130.0,10.0,0.0,660.0
gc,57.0,1620.0,490.0,60.0,50.0,2220.0
gc,58.0,310.0,70.0,470.0,20.0,870.0
gc,58.33,110.0,30.0,0.0,0.0,140.0
gc,59.0,1750.0,430.0,0.0,40.0,2220.0
gc,60.0,1750.0,450.0,50.0,40.0,2290.0
gc,61.0,2200.0,410.0,450.0,60.0,3120.0
gc,62.0,2530.0,670.0,20.0,80.0,3300.0
gc,63.0,1680.0,450.0,20.0,40.0,2190.0
gc,64.0,2810.0,600.0,770.0,90.0,4270.0
gc,64.5,100.0,30.0,70.0,0.0,200.0
gc,65.0,2020.0,520.0,0.0,50.0,2590.0
gc,66.0,2760.0,700.0,490.0,80.0,4030.0
gc,67.0,7350.0,2610.0,1460.0,320.0,11740.0
gc,68.0,2930.0,660.0,0.0,80.0,3670.0
gc,68.33,200.0,50.0,0.0,10.0,260.0
gc,68.5,50.0,10.0,430.0,10.0,500.0
gc,69.0,4400.0,1180.0,1070.0,180.0,6830.0
gc,69.5,30.0,10.0,0.0,0.0,40.0
gc,70.0,5530.0,1910.0,1730.0,290.0,9460.0
gc,70.5,310.0,80.0,0.0,10.0,400.0
gc,71.0,4370.0,1010.0,750.0,190.0,6320.0
gc,71.5,90.0,20.0,410.0,20.0,540.0
gc,72.0,2750.0,890.0,300.0,80.0,4020.0
gc,73.0,5070.0,1800.0,910.0,220.0,8000.0
gc,74.0,2510.0,660.0,520.0,90.0,3780.0
gc,75.0,3420.0,1010.0,120.0,110.0,4660.0
gc,75.6,700.0,390.0,10.0,30.0,1130.0
gc,76.0,6030.0,1780.0,1360.0,240.0,9410.0
gc,76.5,0.0,0.0,140.0,0.0,140.0
gc,77.0,1690.0,440.0,0.0,50.0,2180.0
gc,78.0,3430.0,970.0,550.0,120.0,5070.0
gc,79.0,1530.0,410.0,0.0,40.0,1980.0
gc,80.0,5310.0,1580.0,1250.0,220.0,8360.0
gc,81.0,3610.0,900.0,310.0,140.0,4960.0
gc,82.0,2910.0,1050.0,300.0,150.0,4410.0
gc,83.0,1950.0,810.0,10.0,60.0,2830.0
gc,83.5,170.0,50.0,0.0,10.0,230.0
gc,84.0,2370.0,600.0,0.0,80.0,3050.0
gc,85.0,1400.0,410.0,230.0,40.0,2080.0
gc,86.0,1840.0,540.0,310.0,90.0,2780.0
gc,86.5,100.0,20.0,0.0,0.0,120.0
gc,87.0,6010.0,1230.0,1610.0,240.0,9090.0
gc,88.0,1870.0,500.0,0.0,60.0,2430.0
gc,89.0,2950.0,810.0,680.0,120.0,4560.0
gc,90.0,2320.0,1090.0,590.0,150.0,4150.0
gc,91.0,1250.0,330.0,0.0,50.0,1630.0
gc,92.0,10670.0,3010.0,2330.0,480.0,16490.0
gc,93.0,1370.0,420.0,230.0,100.0,2120.0
gc,94.0,400.0,100.0,0.0,10.0,510.0
gc,96.0,4730.0,1770.0,1150.0,230.0,7880.0
gc,97.0,1960.0,670.0,100.0,90.0,2820.0
n64,30.0,130.0,30.0,0.0,0.0,160.0
n64,40.0,110.0,30.0,0.0,0.0,140.0
n64,43.0,230.0,60.0,0.0,0.0,290.0
n64,51.0,340.0,70.0,0.0,0.0,410.0
n64,57.0,50.0,10.0,0.0,0.0,60.0
n64,60.0,170.0,40.0,0.0,0.0,210.0
n64,61.0,1130.0,380.0,20.0,30.0,1560.0
n64,64.5,4790.0,770.0,790.0,60.0,6410.0
n64,65.0,0.0,0.0,290.0,40.0,330.0
n64,65.5,4840.0,1730.0,940.0,130.0,7640.0
n64,66.0,3830.0,650.0,1240.0,30.0,5750.0
n64,66.33,80.0,20.0,0.0,0.0,100.0
n64,68.0,1810.0,420.0,430.0,20.0,2680.0
n64,69.75,1510.0,340.0,360.0,70.0,2280.0
n64,70.0,1250.0,280.0,1010.0,20.0,2560.0
n64,70.5,1800.0,660.0,1420.0,150.0,4030.0
n64,71.0,1840.0,520.0,1370.0,160.0,3890.0
n64,71.5,300.0,70.0,170.0,0.0,540.0
n64,73.0,3510.0,1320.0,1180.0,90.0,6100.0
n64,73.5,1210.0,400.0,1130.0,230.0,2970.0
n64,74.0,390.0,90.0,70.0,10.0,560.0
n64,75.0,560.0,120.0,0.0,10.0,690.0
n64,75.5,0.0,0.0,260.0,50.0,310.0
n64,76.0,210.0,50.0,270.0,40.0,570.0
n64,77.0,5250.0,1940.0,1200.0,150.0,8540.0
n64,78.0,6040.0,1710.0,190.0,80.0,8020.0
n64,79.0,9310.0,2750.0,820.0,210.0,13090.0
n64,81.0,640.0,140.0,300.0,50.0,1130.0
n64,82.0,2570.0,760.0,820.0,190.0,4340.0
n64,82.5,1600.0,400.0,210.0,170.0,2380.0
n64,83.0,740.0,220.0,910.0,70.0,1940.0
n64,85.0,1440.0,550.0,420.0,130.0,2540.0
n64,87.0,430.0,90.0,0.0,10.0,530.0
n64,88.0,4670.0,1960.0,1750.0,140.0,8520.0
n64,88.5,3900.0,880.0,70.0,80.0,4930.0
n64,89.0,5240.0,2160.0,1450.0,170.0,9020.0
n64,90.25,410.0,20.0,0.0,0.0,430.0
n64,90.5,600.0,30.0,0.0,10.0,640.0
n64,91.0,2210.0,550.0,120.0,30.0,2910.0
n64,91.6,60.0,20.0,0.0,0.0,80.0
n64,92.0,1680.0,400.0,0.0,30.0,2110.0
n64,96.5,590.0,160.0,0.0,10.0,760.0
pc,25.0,0.0,10.0,0.0,0.0,10.0
pc,33.0,0.0,80.0,0.0,0.0,80.0
pc,36.0,0.0,470.0,0.0,30.0,500.0
pc,37.0,80.0,20.0,0.0,10.0,110.0
pc,38.0,0.0,10.0,0.0,0.0,10.0
pc,39.0,40.0,0.0,0.0,0.0,40.0
pc,42.0,0.0,20.0,0.0,0.0,20.0
pc,42.5,10.0,20.0,0.0,10.0,40.0
pc,43.0,60.0,60.0,0.0,10.0,130.0
pc,45.0,100.0,80.0,0.0,20.0,200.0
pc,46.0,0.0,70.0,0.0,0.0,70.0
pc,47.0,60.0,130.0,0.0,10.0,200.0
pc,48.0,20.0,40.0,0.0,10.0,70.0
pc,49.0,0.0,40.0,0.0,10.0,50.0
pc,50.0,0.0,60.0,0.0,10.0,70.0
pc,51.0,70.0,80.0,0.0,10.0,160.0
pc,52.0,20.0,80.0,0.0,10.0,110.0
pc,53.0,0.0,30.0,0.0,10.0,40.0
pc,54.0,230.0,230.0,0.0,70.0,530.0
pc,55.0,140.0,370.0,0.0,90.0,600.0
pc,56.0,40.0,2830.0,0.0,0.0,2870.0
pc,57.0,130.0,130.0,0.0,20.0,280.0
pc,58.0,20.0,160.0,0.0,10.0,190.0
pc,58.5,250.0,910.0,0.0,190.0,1350.0
pc,59.0,40.0,90.0,0.0,0.0,130.0
pc,60.0,1490.0,940.0,0.0,110.0,2540.0
pc,60.33,0.0,30.0,0.0,10.0,40.0
pc,61.0,90.0,500.0,0.0,60.0,650.0
pc,62.0,40.0,660.0,0.0,120.0,820.0
pc,63.0,290.0,480.0,0.0,70.0,840.0
pc,64.0,650.0,1540.0,0.0,230.0,2420.0
pc,64.5,0.0,980.0,0.0,90.0,1070.0
pc,65.0,180.0,1690.0,0.0,280.0,2150.0
pc,65.5,20.0,70.0,0.0,20.0,110.0
pc,66.0,2220.0,570.0,0.0,90.0,2880.0
pc,66.5,130.0,250.0,0.0,60.0,440.0
pc,67.0,130.0,1430.0,0.0,250.0,1810.0
pc,68.0,180.0,690.0,0.0,80.0,950.0
pc,68.5,0.0,40.0,0.0,10.0,50.0
pc,69.0,150.0,830.0,0.0,130.0,1110.0
pc,69.5,10.0,10.0,0.0,0.0,20.0
pc,70.0,1910.0,3550.0,0.0,480.0,5940.0
pc,70.5,40.0,460.0,0.0,100.0,600.0
pc,71.0,410.0,1100.0,0.0,140.0,1650.0
pc,71.5,0.0,30.0,0.0,0.0,30.0
pc,71.83,40.0,330.0,0.0,100.0,470.0
pc,72.0,1670.0,2600.0,0.0,550.0,4820.0
pc,72.5,100.0,1450.0,0.0,110.0,1660.0
pc,73.0,2110.0,1820.0,0.0,180.0,4110.0
pc,73.5,1340.0,190.0,0.0,20.0,1550.0
pc,73.8,230.0,410.0,0.0,50.0,690.0
pc,74.0,4450.0,4700.0,0.0,970.0,10120.0
pc,74.5,0.0,60.0,0.0,0.0,60.0
pc,75.0,2130.0,2270.0,0.0,320.0,4720.0
pc,75.5,190.0,140.0,0.0,50.0,380.0
pc,76.0,2250.0,3000.0,0.0,430.0,5680.0
pc,77.0,1110.0,2070.0,0.0,480.0,3660.0
pc,78.0,1380.0,2530.0,0.0,520.0,4430.0
pc,78.5,70.0,130.0,0.0,20.0,220.0
pc,79.0,4330.0,3340.0,0.0,540.0,8210.0
pc,79.5,50.0,30.0,0.0,10.0,90.0
pc,79.67,0.0,10.0,0.0,0.0,10.0
pc,80.0,2100.0,6850.0,0.0,960.0,9910.0
pc,81.0,1650.0,6170.0,0.0,1340.0,9160.0
pc,81.67,20.0,0.0,0.0,0.0,20.0
pc,82.0,3240.0,4120.0,0.0,730.0,8090.0
pc,83.0,1730.0,4570.0,0.0,660.0,6960.0
pc,84.0,2150.0,5060.0,0.0,970.0,8180.0
pc,85.0,4780.0,5580.0,0.0,970.0,11330.0
pc,86.0,3990.0,13520.0,0.0,1730.0,19240.0
pc,86.5,30.0,90.0,0.0,10.0,130.0
pc,87.0,1660.0,2000.0,0.0,210.0,3870.0
pc,88.0,6320.0,6170.0,0.0,1260.0,13750.0
pc,88.5,260.0,190.0,0.0,60.0,510.0
pc,89.0,3130.0,4090.0,0.0,960.0,8180.0
pc,90.0,4190.0,4650.0,0.0,840.0,9680.0
pc,91.0,3170.0,4830.0,0.0,1550.0,9550.0
pc,92.0,60.0,1430.0,0.0,100.0,1590.0
pc,93.0,2870.0,9460.0,0.0,700.0,13030.0
pc,94.0,1500.0,4670.0,0.0,810.0,6980.0
pc,95.0,330.0,320.0,0.0,100.0,750.0
pc,96.0,6710.0,1210.0,170.0,140.0,8230.0
ps,26.0,290.0,200.0,0.0,30.0,520.0
ps,27.0,30.0,20.0,0.0,0.0,50.0
ps,28.0,120.0,80.0,0.0,10.0,210.0
ps,30.0,220.0,160.0,0.0,30.0,410.0
ps,34.0,470.0,320.0,0.0,50.0,840.0
ps,35.0,90.0,60.0,0.0,10.0,160.0
ps,37.0,40.0,30.0,0.0,0.0,70.0
ps,39.0,270.0,170.0,290.0,50.0,780.0
ps,40.0,120.0,80.0,0.0,10.0,210.0
ps,41.0,20.0,10.0,0.0,0.0,30.0
ps,42.0,810.0,550.0,160.0,110.0,1630.0
ps,43.0,460.0,310.0,0.0,60.0,830.0
ps,46.0,60.0,40.0,0.0,10.0,110.0
ps,48.0,660.0,440.0,0.0,80.0,1180.0
ps,49.0,90.0,60.0,120.0,20.0,290.0
ps,51.0,1250.0,840.0,0.0,140.0,2230.0
ps,53.0,870.0,580.0,0.0,110.0,1560.0
ps,54.0,550.0,380.0,0.0,60.0,990.0
ps,55.0,380.0,260.0,0.0,40.0,680.0
ps,56.0,280.0,190.0,220.0,50.0,740.0
ps,57.0,310.0,210.0,0.0,30.0,550.0
ps,58.0,370.0,250.0,0.0,40.0,660.0
ps,60.0,1280.0,340.0,0.0,60.0,1680.0
ps,61.0,780.0,540.0,0.0,100.0,1420.0
ps,62.0,4970.0,3760.0,1670.0,520.0,10920.0
ps,63.0,1030.0,700.0,370.0,150.0,2250.0
ps,64.0,1640.0,2190.0,140.0,250.0,4220.0
ps,64.5,5430.0,3630.0,4710.0,850.0,14620.0
ps,65.0,2760.0,1690.0,160.0,290.0,4900.0
ps,65.5,3500.0,2380.0,0.0,400.0,6280.0
ps,66.0,4900.0,2870.0,3170.0,710.0,11650.0
ps,67.0,180.0,120.0,1680.0,80.0,2060.0
ps,68.0,4880.0,5350.0,280.0,670.0,11180.0
ps,69.0,2460.0,1660.0,690.0,340.0,5150.0
ps,69.75,4180.0,2840.0,240.0,380.0,7640.0
ps,70.0,5150.0,4800.0,920.0,750.0,11620.0
ps,70.5,4620.0,2560.0,1290.0,560.0,9030.0
ps,71.0,1160.0,790.0,170.0,150.0,2270.0
ps,71.5,2380.0,2300.0,460.0,330.0,5470.0
ps,72.0,910.0,620.0,130.0,120.0,1780.0
ps,73.0,6100.0,4820.0,3650.0,960.0,15530.0
ps,73.5,400.0,270.0,1650.0,160.0,2480.0
ps,74.0,1700.0,1440.0,410.0,210.0,3760.0
ps,74.5,580.0,390.0,0.0,70.0,1040.0
ps,75.0,500.0,340.0,0.0,60.0,900.0
ps,75.5,80.0,60.0,20.0,10.0,170.0
ps,75.6,750.0,1090.0,20.0,120.0,1980.0
ps,76.0,2110.0,1460.0,2010.0,390.0,5970.0
ps,76.5,30.0,20.0,0.0,0.0,50.0
ps,77.0,6720.0,3980.0,10.0,670.0,11380.0
ps,78.0,7010.0,3680.0,1860.0,790.0,13340.0
ps,79.0,2020.0,2000.0,800.0,330.0,5150.0
ps,80.0,1280.0,790.0,720.0,150.0,2940.0
ps,81.0,5540.0,3710.0,8230.0,1080.0,18560.0
ps,81.5,430.0,300.0,2340.0,150.0,3220.0
ps,81.67,220.0,150.0,0.0,30.0,400.0
ps,82.0,1590.0,570.0,4740.0,450.0,7350.0
ps,82.5,8060.0,3900.0,70.0,610.0,12640.0
ps,83.0,3240.0,1710.0,8290.0,530.0,13770.0
ps,84.0,960.0,640.0,990.0,190.0,2780.0
ps,85.0,11250.0,6630.0,1110.0,1000.0,19990.0
ps,85.5,1380.0,940.0,2650.0,350.0,5320.0
ps,86.0,5150.0,3250.0,5640.0,940.0,14980.0
ps,87.0,6850.0,5180.0,330.0,690.0,13050.0
ps,88.0,14300.0,10450.0,3790.0,1710.0,30250.0
ps,88.5,10660.0,4430.0,1210.0,840.0,17140.0
ps,89.0,12480.0,8120.0,4600.0,1480.0,26680.0
ps,90.0,4590.0,3050.0,3970.0,450.0,12060.0
ps,91.0,13910.0,9150.0,3920.0,1990.0,28970.0
ps,92.0,8430.0,5300.0,5060.0,1390.0,20180.0
ps,93.0,4980.0,4040.0,2410.0,620.0,12050.0
ps,94.0,5710.0,3210.0,5030.0,590.0,14540.0
ps,96.0,7290.0,6090.0,3940.0,810.0,18130.0
ps,98.0,3050.0,1410.0,20.0,200.0,4680.0
ps2,24.0,50.0,40.0,0.0,10.0,100.0
ps2,27.0,70.0,50.0,0.0,20.0,140.0
ps2,28.5,30.0,30.0,0.0,10.0,70.0
ps2,30.0,150.0,120.0,0.0,40.0,310.0
ps2,31.0,20.0,20.0,0.0,10.0,50.0
ps2,32.0,680.0,530.0,30.0,180.0,1420.0
ps2,33.0,40.0,30.0,0.0,10.0,80.0
ps2,34.0,30.0,30.0,0.0,10.0,70.0
ps2,35.0,420.0,330.0,0.0,110.0,860.0
ps2,36.0,450.0,350.0,0.0,110.0,910.0
ps2,37.0,220.0,170.0,0.0,60.0,450.0
ps2,38.0,1090.0,1480.0,0.0,450.0,3020.0
ps2,39.0,810.0,380.0,0.0,190.0,1380.0
ps2,40.0,0.0,0.0,20.0,0.0,20.0
ps2,40.5,90.0,70.0,0.0,20.0,180.0
ps2,41.0,310.0,240.0,0.0,80.0,630.0
ps2,42.0,340.0,270.0,0.0,80.0,690.0
ps2,43.0,1050.0,810.0,0.0,280.0,2140.0
ps2,44.0,1720.0,1180.0,0.0,430.0,3330.0
ps2,44.5,130.0,100.0,0.0,30.0,260.0
ps2,45.0,1320.0,390.0,560.0,610.0,2880.0
ps2,46.0,1540.0,810.0,30.0,720.0,3100.0
ps2,47.0,3190.0,2040.0,0.0,850.0,6080.0
ps2,47.67,200.0,150.0,0.0,50.0,400.0
ps2,48.0,1050.0,830.0,300.0,450.0,2630.0
ps2,49.0,1660.0,850.0,0.0,510.0,3020.0
ps2,50.0,2500.0,820.0,90.0,520.0,3930.0
ps2,51.0,2920.0,2230.0,0.0,780.0,5930.0
ps2,52.0,2640.0,1720.0,250.0,630.0,5240.0
ps2,53.0,2750.0,1420.0,40.0,610.0,4820.0
ps2,53.5,250.0,190.0,0.0,60.0,500.0
ps2,53.67,140.0,110.0,0.0,40.0,290.0
ps2,54.0,1760.0,1370.0,0.0,450.0,3580.0
ps2,55.0,3520.0,2120.0,950.0,810.0,7400.0
ps2,55.33,140.0,60.0,0.0,170.0,370.0
ps2,56.0,3270.0,2440.0,260.0,1130.0,7100.0
ps2,57.0,5480.0,4990.0,1200.0,1680.0,13350.0
ps2,57.5,370.0,290.0,280.0,100.0,1040.0
ps2,57.67,270.0,30.0,0.0,170.0,470.0
ps2,58.0,4510.0,3050.0,1760.0,1090.0,10410.0
ps2,58.5,120.0,90.0,1110.0,30.0,1350.0
ps2,58.83,380.0,80.0,30.0,930.0,1420.0
ps2,59.0,5150.0,3990.0,480.0,1330.0,10950.0
ps2,59.5,570.0,20.0,70.0,90.0,750.0
ps2,60.0,5830.0,3770.0,50.0,1500.0,11150.0
ps2,60.4,130.0,70.0,0.0,440.0,640.0
ps2,60.5,120.0,10.0,0.0,270.0,400.0
ps2,61.0,6990.0,4670.0,1630.0,1980.0,15270.0
ps2,61.25,210.0,160.0,0.0,50.0,420.0
ps2,61.5,1210.0,750.0,740.0,970.0,3670.0
ps2,62.0,6970.0,4990.0,2070.0,3140.0,17170.0
ps2,62.5,1260.0,600.0,50.0,180.0,2090.0
ps2,62.67,190.0,50.0,0.0,240.0,480.0
ps2,63.0,8870.0,5210.0,1750.0,5160.0,20990.0
ps2,63.8,170.0,0.0,0.0,260.0,430.0
ps2,64.0,10560.0,7190.0,1190.0,3900.0,22840.0
ps2,64.5,890.0,690.0,1830.0,230.0,3640.0
ps2,65.0,9670.0,7460.0,2160.0,3400.0,22690.0
ps2,65.12,260.0,200.0,20.0,60.0,540.0
ps2,65.5,280.0,60.0,160.0,170.0,670.0
ps2,66.0,11420.0,7520.0,3690.0,3050.0,25680.0
ps2,66.2,80.0,70.0,0.0,20.0,170.0
ps2,66.33,90.0,10.0,0.0,170.0,270.0
ps2,66.5,90.0,60.0,0.0,230.0,380.0
ps2,66.67,70.0,60.0,0.0,20.0,150.0
ps2,67.0,12350.0,8380.0,4180.0,5980.0,30890.0
ps2,67.67,110.0,90.0,0.0,30.0,230.0
ps2,68.0,18120.0,12570.0,3390.0,6790.0,40870.0
ps2,68.33,120.0,10.0,0.0,140.0,270.0
ps2,68.5,1250.0,2010.0,1210.0,640.0,5110.0
ps2,69.0,12350.0,7420.0,4390.0,4330.0,28490.0
ps2,69.5,20.0,10.0,0.0,0.0,30.0
ps2,69.75,300.0,240.0,690.0,80.0,1310.0
ps2,70.0,14350.0,9450.0,3350.0,5120.0,32270.0
ps2,70.5,600.0,470.0,3060.0,150.0,4280.0
ps2,71.0,13870.0,8700.0,3380.0,5300.0,31250.0
ps2,71.33,170.0,140.0,0.0,50.0,360.0
ps2,71.5,1790.0,1420.0,1630.0,500.0,5340.0
ps2,71.67,20.0,20.0,0.0,10.0,50.0
ps2,71.8,50.0,40.0,0.0,10.0,100.0
ps2,71.83,0.0,20.0,0.0,60.0,80.0
ps2,72.0,12490.0,7920.0,7700.0,4560.0,32670.0
ps2,72.5,50.0,40.0,2710.0,10.0,2810.0
ps2,72.75,100.0,80.0,0.0,30.0,210.0
ps2,73.0,15770.0,9230.0,6440.0,5660.0,37100.0
ps2,73.25,200.0,160.0,0.0,50.0,410.0
ps2,73.5,0.0,0.0,60.0,0.0,60.0
ps2,73.67,240.0,70.0,0.0,70.0,380.0
ps2,74.0,7790.0,4090.0,3230.0,1720.0,16830.0
ps2,74.2,90.0,40.0,0.0,50.0,180.0
ps2,74.5,420.0,330.0,2800.0,110.0,3660.0
ps2,75.0,11280.0,4970.0,4590.0,2360.0,23200.0
ps2,75.5,0.0,0.0,850.0,0.0,850.0
ps2,76.0,20860.0,11530.0,7050.0,3920.0,43360.0
ps2,77.0,14520.0,7780.0,2630.0,4400.0,29330.0
ps2,77.33,110.0,290.0,0.0,360.0,760.0
ps2,77.4,40.0,210.0,50.0,110.0,410.0
ps2,77.6,100.0,180.0,180.0,1160.0,1620.0
ps2,77.75,410.0,20.0,0.0,70.0,500.0
ps2,78.0,16530.0,7000.0,6390.0,4760.0,34680.0
ps2,78.5,530.0,10.0,0.0,540.0,1080.0
ps2,79.0,10970.0,5830.0,800.0,2130.0,19730.0
ps2,79.33,70.0,60.0,0.0,20.0,150.0
ps2,79.75,120.0,10.0,0.0,130.0,260.0
ps2,80.0,16860.0,14370.0,2980.0,4910.0,39120.0
ps2,80.67,410.0,20.0,0.0,70.0,500.0
ps2,81.0,15230.0,12360.0,1500.0,4120.0,33210.0
ps2,81.5,280.0,220.0,0.0,70.0,570.0
ps2,82.0,27830.0,15170.0,1790.0,12190.0,56980.0
ps2,82.2,230.0,240.0,0.0,1230.0,1700.0
ps2,82.33,880.0,0.0,0.0,100.0,980.0
ps2,82.5,330.0,10.0,0.0,50.0,390.0
ps2,83.0,15050.0,6910.0,1090.0,5470.0,28520.0
ps2,83.5,60.0,50.0,0.0,20.0,130.0
ps2,84.0,23140.0,12890.0,2750.0,4820.0,43600.0
ps2,85.0,23500.0,13450.0,6440.0,5210.0,48600.0
ps2,85.5,200.0,860.0,10.0,260.0,1330.0
ps2,86.0,7100.0,5950.0,2840.0,2450.0,18340.0
ps2,86.67,340.0,10.0,0.0,60.0,410.0
ps2,87.0,14450.0,4920.0,2160.0,2610.0,24140.0
ps2,88.0,14340.0,10360.0,540.0,4170.0,29410.0
ps2,89.0,14860.0,7810.0,6180.0,10370.0,39220.0
ps2,90.0,12140.0,4070.0,520.0,2010.0,18740.0
ps2,91.0,12180.0,3420.0,2320.0,3430.0,21350.0
ps2,91.67,290.0,230.0,0.0,80.0,600.0
ps2,92.0,11980.0,5470.0,5190.0,3680.0,26320.0
ps2,93.0,6980.0,5160.0,2540.0,3940.0,18620.0
ps2,94.0,15430.0,4290.0,1400.0,2370.0,23490.0
ps2,95.0,28050.0,11190.0,2760.0,14070.0,56070.0
ps2,96.0,4530.0,2840.0,1330.0,970.0,9670.0
ps2,97.0,9650.0,5800.0,310.0,1760.0,17520.0
ps3,13.0,20.0,10.0,0.0,10.0,40.0
ps3,17.0,60.0,30.0,0.0,10.0,100.0
ps3,19.5,30.0,50.0,0.0,10.0,90.0
ps3,25.0,140.0,110.0,0.0,40.0,290.0
ps3,27.0,110.0,10.0,0.0,10.0,130.0
ps3,28.0,60.0,20.0,0.0,10.0,90.0
ps3,30.0,50.0,0.0,0.0,0.0,50.0
ps3,31.0,160.0,0.0,0.0,10.0,170.0
ps3,33.0,60.0,0.0,140.0,10.0,210.0
ps3,34.0,280.0,150.0,0.0,80.0,510.0
ps3,35.0,40.0,30.0,0.0,10.0,80.0
ps3,35.5,50.0,0.0,0.0,10.0,60.0
ps3,36.0,350.0,150.0,10.0,70.0,580.0
ps3,37.0,40.0,0.0,0.0,0.0,40.0
ps3,38.0,130.0,210.0,0.0,70.0,410.0
ps3,39.0,470.0,100.0,0.0,70.0,640.0
ps3,40.0,300.0,320.0,20.0,120.0,760.0
ps3,41.0,380.0,410.0,10.0,150.0,950.0
ps3,42.0,1190.0,710.0,60.0,320.0,2280.0
ps3,43.0,2080.0,2300.0,80.0,1330.0,5790.0
ps3,44.0,700.0,400.0,80.0,190.0,1370.0
ps3,45.0,810.0,450.0,80.0,210.0,1550.0
ps3,46.0,90.0,130.0,0.0,40.0,260.0
ps3,47.0,630.0,420.0,10.0,170.0,1230.0
ps3,48.0,420.0,240.0,0.0,110.0,770.0
ps3,49.0,290.0,160.0,300.0,90.0,840.0
ps3,49.5,10.0,30.0,0.0,10.0,50.0
ps3,50.0,890.0,580.0,60.0,240.0,1770.0
ps3,51.0,1430.0,900.0,70.0,390.0,2790.0
ps3,52.0,670.0,440.0,440.0,190.0,1740.0
ps3,52.5,0.0,0.0,260.0,0.0,260.0
ps3,53.0,1310.0,700.0,260.0,330.0,2600.0
ps3,54.0,2230.0,1170.0,390.0,560.0,4350.0
ps3,55.0,2330.0,2450.0,470.0,1020.0,6270.0
ps3,56.0,670.0,270.0,70.0,160.0,1170.0
ps3,56.33,50.0,50.0,20.0,20.0,140.0
ps3,56.5,30.0,10.0,10.0,10.0,60.0
ps3,57.0,1300.0,680.0,660.0,320.0,2960.0
ps3,58.0,2530.0,1240.0,1360.0,590.0,5720.0
ps3,58.5,60.0,80.0,400.0,30.0,570.0
ps3,59.0,2360.0,2420.0,500.0,960.0,6240.0
ps3,59.5,210.0,90.0,0.0,60.0,360.0
ps3,60.0,3200.0,1550.0,1480.0,760.0,6990.0
ps3,61.0,3060.0,2190.0,1050.0,990.0,7290.0
ps3,61.5,570.0,50.0,10.0,70.0,700.0
ps3,62.0,3430.0,3570.0,980.0,1260.0,9240.0
ps3,62.67,0.0,30.0,10.0,10.0,50.0
ps3,63.0,4530.0,2730.0,840.0,1150.0,9250.0
ps3,63.67,0.0,0.0,90.0,0.0,90.0
ps3,64.0,2170.0,2340.0,2240.0,920.0,7670.0
ps3,65.0,2520.0,2790.0,620.0,1100.0,7030.0
ps3,65.12,0.0,0.0,30.0,0.0,30.0
ps3,65.5,310.0,250.0,1460.0,100.0,2120.0
ps3,66.0,3490.0,2810.0,1420.0,1220.0,8940.0
ps3,66.5,640.0,820.0,100.0,320.0,1880.0
ps3,67.0,6200.0,4790.0,1260.0,1860.0,14110.0
ps3,67.75,100.0,120.0,0.0,40.0,260.0
ps3,68.0,3540.0,2780.0,2330.0,1200.0,9850.0
ps3,68.5,50.0,70.0,0.0,20.0,140.0
ps3,69.0,1090.0,2000.0,410.0,460.0,3960.0
ps3,69.5,0.0,0.0,20.0,0.0,20.0
ps3,69.75,120.0,270.0,0.0,70.0,460.0
ps3,70.0,8390.0,8230.0,1980.0,2920.0,21520.0
ps3,70.5,300.0,190.0,790.0,110.0,1390.0
ps3,70.67,100.0,60.0,0.0,30.0,190.0
ps3,70.75,350.0,360.0,0.0,140.0,850.0
ps3,71.0,8850.0,7630.0,2400.0,2920.0,21800.0
ps3,71.5,50.0,110.0,0.0,30.0,190.0
ps3,71.67,190.0,200.0,230.0,80.0,700.0
ps3,71.83,1300.0,4780.0,700.0,1550.0,8330.0
ps3,72.0,6220.0,5750.0,3290.0,2300.0,17560.0
ps3,72.33,130.0,80.0,0.0,40.0,250.0
ps3,72.5,440.0,310.0,630.0,130.0,1510.0
ps3,73.0,4860.0,3690.0,1330.0,1600.0,11480.0
ps3,73.5,2620.0,2720.0,730.0,1040.0,7110.0
ps3,74.0,13170.0,9760.0,5390.0,4040.0,32360.0
ps3,74.25,560.0,810.0,100.0,270.0,1740.0
ps3,74.5,220.0,320.0,50.0,110.0,700.0
ps3,74.67,310.0,300.0,10.0,110.0,730.0
ps3,75.0,9430.0,7680.0,1050.0,3180.0,21340.0
ps3,75.33,30.0,40.0,0.0,10.0,80.0
ps3,75.5,730.0,560.0,410.0,260.0,1960.0
ps3,75.83,710.0,1460.0,60.0,580.0,2810.0
ps3,76.0,14190.0,10650.0,2050.0,4600.0,31490.0
ps3,77.0,7630.0,5720.0,1950.0,2480.0,17780.0
ps3,77.5,0.0,0.0,40.0,0.0,40.0
ps3,78.0,6360.0,7350.0,3680.0,2450.0,19840.0
ps3,78.5,150.0,10.0,980.0,20.0,1160.0
ps3,79.0,9290.0,7080.0,2790.0,2870.0,22030.0
ps3,79.33,120.0,160.0,0.0,50.0,330.0
ps3,79.67,140.0,210.0,140.0,70.0,560.0
ps3,80.0,15160.0,14470.0,2790.0,5570.0,37990.0
ps3,80.33,10.0,50.0,60.0,10.0,130.0
ps3,80.5,1080.0,110.0,0.0,270.0,1460.0
ps3,80.67,1560.0,1930.0,190.0,680.0,4360.0
ps3,81.0,11160.0,9840.0,1950.0,3860.0,26810.0
ps3,81.33,160.0,150.0,0.0,60.0,370.0
ps3,81.67,110.0,120.0,0.0,40.0,270.0
ps3,82.0,12300.0,12960.0,1510.0,4660.0,31430.0
ps3,82.33,750.0,2520.0,130.0,590.0,3990.0
ps3,82.5,940.0,230.0,20.0,260.0,1450.0
ps3,82.67,90.0,120.0,150.0,40.0,400.0
ps3,83.0,20580.0,14620.0,4100.0,6580.0,45880.0
ps3,83.5,570.0,60.0,30.0,140.0,800.0
ps3,84.0,20960.0,16990.0,3210.0,7650.0,48810.0
ps3,84.33,50.0,550.0,30.0,100.0,730.0
ps3,85.0,23300.0,14140.0,2110.0,6600.0,46150.0
ps3,86.0,8690.0,10860.0,1240.0,4230.0,25020.0
ps3,86.33,270.0,180.0,50.0,90.0,590.0
ps3,86.5,450.0,120.0,30.0,130.0,730.0
ps3,87.0,9720.0,8710.0,960.0,3420.0,22810.0
ps3,87.5,170.0,110.0,20.0,60.0,360.0
ps3,88.0,22690.0,22050.0,1540.0,8320.0,54600.0
ps3,89.0,8530.0,9290.0,1640.0,3630.0,23090.0
ps3,89.33,60.0,40.0,0.0,20.0,120.0
ps3,90.0,9490.0,4130.0,580.0,2130.0,16330.0
ps3,91.0,14120.0,9910.0,1190.0,4190.0,29410.0
ps3,91.5,0.0,0.0,140.0,0.0,140.0
ps3,92.0,9090.0,7220.0,560.0,2900.0,19770.0
ps3,93.0,2850.0,1550.0,420.0,760.0,5580.0
ps3,94.0,15010.0,10210.0,2150.0,4640.0,32010.0
ps3,95.0,8830.0,7290.0,640.0,3090.0,19850.0
ps3,96.0,5980.0,4050.0,320.0,1790.0,12140.0
ps3,97.0,7020.0,9090.0,980.0,3960.0,21050.0
ps3,98.0,4760.0,3690.0,440.0,1610.0,10500.0
ps4,19.0,40.0,60.0,0.0,20.0,120.0
ps4,25.0,0.0,50.0,0.0,10.0,60.0
ps4,31.0,0.0,20.0,0.0,0.0,20.0
ps4,32.0,90.0,80.0,0.0,30.0,200.0
ps4,38.0,60.0,70.0,0.0,30.0,160.0
ps4,42.0,10.0,50.0,0.0,10.0,70.0
ps4,43.0,150.0,50.0,50.0,40.0,290.0
ps4,44.0,50.0,20.0,0.0,20.0,90.0
ps4,45.0,40.0,80.0,0.0,20.0,140.0
ps4,47.0,100.0,240.0,0.0,70.0,410.0
ps4,48.0,70.0,210.0,30.0,50.0,360.0
ps4,48.33,0.0,50.0,0.0,10.0,60.0
ps4,49.0,10.0,0.0,0.0,0.0,10.0
ps4,51.0,10.0,0.0,0.0,0.0,10.0
ps4,52.0,40.0,20.0,0.0,10.0,70.0
ps4,53.0,150.0,150.0,70.0,50.0,420.0
ps4,54.0,430.0,680.0,420.0,200.0,1730.0
ps4,55.0,20.0,0.0,0.0,0.0,20.0
ps4,57.0,160.0,30.0,40.0,40.0,270.0
ps4,58.0,80.0,40.0,50.0,20.0,190.0
ps4,59.0,410.0,520.0,80.0,180.0,1190.0
ps4,60.0,840.0,820.0,30.0,320.0,2010.0
ps4,61.0,540.0,1330.0,60.0,340.0,2270.0
ps4,62.0,500.0,730.0,0.0,230.0,1460.0
ps4,63.0,800.0,1090.0,100.0,370.0,2360.0
ps4,63.5,40.0,0.0,0.0,10.0,50.0
ps4,64.0,30.0,220.0,20.0,50.0,320.0
ps4,65.0,150.0,480.0,30.0,120.0,780.0
ps4,65.5,500.0,1500.0,50.0,370.0,2420.0
ps4,66.0,360.0,480.0,130.0,160.0,1130.0
ps4,67.0,410.0,530.0,200.0,170.0,1310.0
ps4,68.0,810.0,1510.0,130.0,440.0,2890.0
ps4,69.0,790.0,1400.0,410.0,410.0,3010.0
ps4,69.5,0.0,0.0,20.0,0.0,20.0
ps4,70.0,2000.0,2950.0,220.0,940.0,6110.0
ps4,70.5,140.0,50.0,80.0,40.0,310.0
ps4,71.0,1530.0,2970.0,170.0,850.0,5520.0
ps4,72.0,1830.0,2380.0,480.0,810.0,5500.0
ps4,72.5,330.0,230.0,80.0,110.0,750.0
ps4,73.0,5020.0,7380.0,1620.0,2360.0,16380.0
ps4,73.5,1830.0,2200.0,140.0,790.0,4960.0
ps4,74.0,3490.0,3460.0,1250.0,1370.0,9570.0
ps4,75.0,1910.0,2320.0,530.0,830.0,5590.0
ps4,76.0,14160.0,16650.0,1100.0,6070.0,37980.0
ps4,77.0,2690.0,2880.0,790.0,1120.0,7480.0
ps4,78.0,3310.0,2680.0,220.0,1130.0,7340.0
ps4,78.5,630.0,840.0,20.0,290.0,1780.0
ps4,79.0,3150.0,4550.0,320.0,1490.0,9510.0
ps4,79.67,10.0,0.0,170.0,0.0,180.0
ps4,80.0,6300.0,6580.0,540.0,2540.0,15960.0
ps4,80.33,460.0,300.0,0.0,160.0,920.0
ps4,80.67,220.0,300.0,40.0,100.0,660.0
ps4,81.0,2190.0,1190.0,80.0,700.0,4160.0
ps4,81.33,160.0,200.0,0.0,70.0,430.0
ps4,82.0,3660.0,11410.0,380.0,2740.0,18190.0
ps4,83.0,11140.0,8790.0,1360.0,4010.0,25300.0
ps4,83.25,90.0,100.0,0.0,40.0,230.0
ps4,84.0,1220.0,1830.0,70.0,590.0,3710.0
ps4,85.0,4310.0,10760.0,530.0,2700.0,18300.0
ps4,85.5,410.0,400.0,60.0,160.0,1030.0
ps4,86.0,3620.0,3790.0,330.0,1470.0,9210.0
ps4,86.5,0.0,0.0,80.0,0.0,80.0
ps4,87.0,7970.0,9030.0,760.0,3340.0,21100.0
ps4,88.0,2610.0,2840.0,230.0,1070.0,6750.0
ps4,88.5,120.0,200.0,20.0,60.0,400.0
ps4,89.0,1720.0,1580.0,470.0,660.0,4430.0
ps4,90.0,1060.0,1520.0,150.0,500.0,3230.0
ps4,91.0,210.0,230.0,80.0,90.0,610.0
ps4,92.0,2290.0,3230.0,500.0,1070.0,7090.0
ps4,93.0,2940.0,3860.0,680.0,1330.0,8810.0
ps4,94.0,480.0,590.0,40.0,210.0,1320.0
ps4,95.0,1880.0,2000.0,70.0,770.0,4720.0
ps4,97.0,3960.0,6310.0,380.0,1970.0,12620.0
psp,28.0,200.0,160.0,0.0,110.0,470.0
psp,32.0,60.0,0.0,0.0,10.0,70.0
psp,36.0,50.0,0.0,0.0,0.0,50.0
psp,37.0,360.0,0.0,0.0,30.0,390.0
psp,38.0,100.0,20.0,70.0,20.0,210.0
psp,41.0,160.0,0.0,30.0,10.0,200.0
psp,42.0,40.0,0.0,0.0,0.0,40.0
psp,43.0,110.0,0.0,80.0,10.0,200.0
psp,44.0,660.0,90.0,0.0,110.0,860.0
psp,45.0,700.0,250.0,10.0,190.0,1150.0
psp,46.6,110.0,20.0,0.0,20.0,150.0
psp,47.0,110.0,80.0,0.0,20.0,210.0
psp,47.67,190.0,0.0,0.0,20.0,210.0
psp,48.0,580.0,210.0,0.0,160.0,950.0
psp,48.5,80.0,0.0,0.0,10.0,90.0
psp,49.0,590.0,370.0,0.0,240.0,1200.0
psp,50.0,210.0,0.0,120.0,10.0,340.0
psp,51.0,1060.0,250.0,0.0,190.0,1500.0
psp,52.0,980.0,1140.0,30.0,580.0,2730.0
psp,52.5,0.0,0.0,20.0,0.0,20.0
psp,53.0,330.0,220.0,240.0,140.0,930.0
psp,54.0,490.0,30.0,10.0,70.0,600.0
psp,55.0,620.0,230.0,80.0,170.0,1100.0
psp,56.0,540.0,70.0,270.0,90.0,970.0
psp,57.0,1080.0,1190.0,60.0,720.0,3050.0
psp,57.67,290.0,70.0,0.0,60.0,420.0
psp,57.75,100.0,20.0,0.0,20.0,140.0
psp,58.0,1320.0,260.0,100.0,190.0,1870.0
psp,58.5,0.0,0.0,390.0,0.0,390.0
psp,59.0,1270.0,1090.0,200.0,660.0,3220.0
psp,59.2,70.0,0.0,0.0,10.0,80.0
psp,60.0,1770.0,1250.0,50.0,770.0,3840.0
psp,60.4,180.0,200.0,0.0,120.0,500.0
psp,61.0,3000.0,1780.0,2640.0,1190.0,8610.0
psp,61.2,110.0,30.0,0.0,20.0,160.0
psp,61.5,230.0,260.0,220.0,160.0,870.0
psp,62.0,1320.0,660.0,3110.0,320.0,5410.0
psp,62.67,240.0,90.0,0.0,70.0,400.0
psp,63.0,3850.0,1490.0,1160.0,1030.0,7530.0
psp,64.0,3410.0,2670.0,840.0,1700.0,8620.0
psp,65.0,1910.0,1230.0,1410.0,970.0,5520.0
psp,65.12,60.0,0.0,20.0,0.0,80.0
psp,65.33,70.0,0.0,0.0,10.0,80.0
psp,65.5,270.0,200.0,1120.0,110.0,1700.0
psp,66.0,1750.0,540.0,4030.0,410.0,6730.0
psp,66.5,100.0,10.0,30.0,20.0,160.0
psp,67.0,1980.0,1360.0,740.0,640.0,4720.0
psp,67.33,80.0,70.0,0.0,40.0,190.0
psp,67.6,210.0,230.0,0.0,140.0,580.0
psp,67.67,60.0,0.0,0.0,10.0,70.0
psp,68.0,4920.0,2330.0,2810.0,1490.0,11550.0
psp,68.33,240.0,60.0,0.0,50.0,350.0
psp,68.5,0.0,0.0,400.0,0.0,400.0
psp,69.0,3470.0,2550.0,1160.0,1380.0,8560.0
psp,69.25,250.0,240.0,0.0,140.0,630.0
psp,70.0,4300.0,3620.0,4850.0,2220.0,14990.0
psp,70.5,190.0,80.0,1190.0,60.0,1520.0
psp,71.0,1930.0,2000.0,2870.0,1200.0,8000.0
psp,71.5,170.0,0.0,410.0,30.0,610.0
psp,71.67,50.0,0.0,0.0,10.0,60.0
psp,71.83,120.0,250.0,800.0,130.0,1300.0
psp,72.0,6720.0,3560.0,11490.0,2360.0,24130.0
psp,72.5,1250.0,840.0,1800.0,550.0,4440.0
psp,73.0,4980.0,3070.0,710.0,1840.0,10600.0
psp,73.29,100.0,100.0,0.0,60.0,260.0
psp,73.5,0.0,0.0,280.0,0.0,280.0
psp,73.67,220.0,310.0,0.0,170.0,700.0
psp,74.0,4930.0,2700.0,4270.0,1800.0,13700.0
psp,74.5,200.0,30.0,1620.0,30.0,1880.0
psp,75.0,3170.0,600.0,850.0,590.0,5210.0
psp,75.5,220.0,70.0,5510.0,60.0,5860.0
psp,76.0,1810.0,2940.0,1560.0,950.0,7260.0
psp,76.33,50.0,180.0,20.0,90.0,340.0
psp,77.0,1370.0,650.0,560.0,470.0,3050.0
psp,77.33,0.0,20.0,140.0,0.0,160.0
psp,77.5,0.0,0.0,20.0,0.0,20.0
psp,78.0,2690.0,770.0,750.0,600.0,4810.0
psp,78.5,460.0,220.0,500.0,160.0,1340.0
psp,79.0,3500.0,2300.0,1420.0,1470.0,8690.0
psp,80.0,2130.0,1390.0,680.0,900.0,5100.0
psp,80.67,350.0,0.0,0.0,30.0,380.0
psp,81.0,3010.0,2270.0,5180.0,1110.0,11570.0
psp,81.33,0.0,70.0,180.0,30.0,280.0
psp,81.5,190.0,0.0,0.0,20.0,210.0
psp,82.0,2840.0,700.0,1170.0,580.0,5290.0
psp,82.33,500.0,80.0,0.0,80.0,660.0
psp,82.5,300.0,0.0,0.0,30.0,330.0
psp,83.0,3590.0,2170.0,1510.0,1410.0,8680.0
psp,84.0,630.0,850.0,100.0,450.0,2030.0
psp,85.0,2910.0,1220.0,10.0,880.0,5020.0
psp,86.0,3250.0,2640.0,260.0,1640.0,7790.0
psp,86.4,0.0,150.0,0.0,40.0,190.0
psp,86.67,390.0,0.0,0.0,30.0,420.0
psp,87.0,1790.0,1660.0,800.0,870.0,5120.0
psp,88.0,4180.0,3830.0,860.0,2390.0,11260.0
psp,88.67,220.0,30.0,0.0,30.0,280.0
psp,89.0,640.0,470.0,1990.0,290.0,3390.0
psp,90.0,280.0,490.0,30.0,270.0,1070.0
psp,91.0,1480.0,1000.0,40.0,660.0,3180.0
psv,19.5,0.0,30.0,0.0,10.0,40.0
psv,25.0,0.0,10.0,0.0,0.0,10.0
psv,33.0,710.0,430.0,70.0,260.0,1470.0
psv,38.0,10.0,10.0,0.0,10.0,30.0
psv,43.0,10.0,0.0,10.0,0.0,20.0
psv,44.0,30.0,70.0,50.0,20.0,170.0
psv,45.0,50.0,0.0,70.0,10.0,130.0
psv,48.0,60.0,50.0,120.0,20.0,250.0
psv,49.0,200.0,150.0,0.0,60.0,410.0
psv,52.0,30.0,30.0,0.0,20.0,80.0
psv,52.5,0.0,0.0,90.0,0.0,90.0
psv,54.0,140.0,180.0,0.0,80.0,400.0
psv,55.0,10.0,10.0,110.0,10.0,140.0
psv,57.0,230.0,480.0,220.0,200.0,1130.0
psv,58.0,100.0,50.0,10.0,40.0,200.0
psv,58.5,0.0,0.0,30.0,0.0,30.0
psv,59.0,50.0,0.0,40.0,20.0,110.0
psv,60.0,400.0,210.0,890.0,150.0,1650.0
psv,61.0,160.0,170.0,0.0,100.0,430.0
psv,62.0,410.0,220.0,110.0,130.0,870.0
psv,63.0,320.0,10.0,20.0,30.0,380.0
psv,64.0,400.0,330.0,150.0,210.0,1090.0
psv,65.0,0.0,30.0,100.0,10.0,140.0
psv,65.5,40.0,50.0,70.0,20.0,180.0
psv,66.0,250.0,130.0,310.0,70.0,760.0
psv,67.0,100.0,120.0,570.0,50.0,840.0
psv,67.75,20.0,70.0,0.0,30.0,120.0
psv,68.0,150.0,30.0,510.0,70.0,760.0
psv,69.0,70.0,120.0,370.0,50.0,610.0
psv,69.75,20.0,90.0,0.0,30.0,140.0
psv,70.0,650.0,660.0,790.0,320.0,2420.0
psv,70.5,120.0,0.0,240.0,40.0,400.0
psv,70.75,50.0,130.0,0.0,50.0,230.0
psv,70.83,40.0,190.0,0.0,70.0,300.0
psv,71.0,390.0,200.0,670.0,130.0,1390.0
psv,71.83,40.0,280.0,10.0,90.0,420.0
psv,72.0,280.0,200.0,1960.0,160.0,2600.0
psv,72.5,50.0,30.0,800.0,20.0,900.0
psv,73.0,260.0,210.0,2010.0,150.0,2630.0
psv,73.33,10.0,0.0,0.0,0.0,10.0
psv,73.5,230.0,830.0,1110.0,310.0,2480.0
psv,74.0,150.0,290.0,2010.0,110.0,2560.0
psv,74.5,0.0,0.0,210.0,0.0,210.0
psv,75.0,590.0,460.0,350.0,290.0,1690.0
psv,75.5,0.0,0.0,100.0,0.0,100.0
psv,75.83,330.0,450.0,10.0,220.0,1010.0
psv,76.0,470.0,290.0,950.0,170.0,1880.0
psv,77.0,260.0,180.0,1110.0,120.0,1670.0
psv,77.5,80.0,20.0,160.0,30.0,290.0
psv,77.67,110.0,290.0,0.0,110.0,510.0
psv,78.0,470.0,580.0,1180.0,280.0,2510.0
psv,78.5,0.0,0.0,440.0,0.0,440.0
psv,79.0,390.0,530.0,90.0,160.0,1170.0
psv,79.67,0.0,0.0,210.0,0.0,210.0
psv,80.0,850.0,860.0,540.0,340.0,2590.0
psv,80.33,90.0,0.0,0.0,30.0,120.0
psv,81.0,260.0,100.0,490.0,100.0,950.0
psv,82.0,200.0,460.0,440.0,190.0,1290.0
psv,83.0,470.0,390.0,980.0,200.0,2040.0
psv,85.0,430.0,220.0,120.0,120.0,890.0
psv,86.0,160.0,270.0,330.0,130.0,890.0
psv,86.4,80.0,230.0,10.0,90.0,410.0
psv,86.5,0.0,0.0,90.0,0.0,90.0
psv,87.0,150.0,440.0,0.0,170.0,760.0
psv,88.0,570.0,990.0,60.0,390.0,2010.0
psv,93.0,380.0,250.0,470.0,160.0,1260.0
sat,56.0,0.0,0.0,60.0,0.0,60.0
sat,62.0,0.0,0.0,280.0,0.0,280.0
sat,63.0,0.0,0.0,50.0,0.0,50.0
sat,64.5,0.0,0.0,90.0,0.0,90.0
sat,72.0,0.0,0.0,80.0,0.0,80.0
sat,78.0,0.0,0.0,210.0,0.0,210.0
sat,79.0,0.0,0.0,460.0,0.0,460.0
sat,81.0,0.0,0.0,230.0,0.0,230.0
sat,81.5,0.0,0.0,1080.0,0.0,1080.0
sat,82.5,0.0,0.0,60.0,0.0,60.0
sat,83.0,0.0,0.0,500.0,0.0,500.0
sat,84.0,0.0,0.0,180.0,0.0,180.0
sat,85.0,0.0,0.0,110.0,0.0,110.0
sat,86.0,0.0,0.0,1230.0,0.0,1230.0
sat,88.0,0.0,0.0,1130.0,0.0,1130.0
sat,88.5,0.0,0.0,380.0,0.0,380.0
sat,89.0,0.0,0.0,420.0,0.0,420.0
sat,91.0,0.0,0.0,170.0,0.0,170.0
snes,62.0,0.0,0.0,490.0,0.0,490.0
snes,69.0,0.0,0.0,400.0,0.0,400.0
snes,72.0,0.0,0.0,2210.0,0.0,2210.0
snes,73.0,0.0,0.0,260.0,0.0,260.0
snes,73.25,1190.0,160.0,0.0,30.0,1380.0
snes,76.0,0.0,0.0,400.0,0.0,400.0
snes,77.0,860.0,0.0,2550.0,20.0,3430.0
snes,78.0,4360.0,1710.0,3000.0,230.0,9300.0
snes,81.0,0.0,0.0,360.0,0.0,360.0
snes,81.5,0.0,0.0,6140.0,10.0,6150.0
snes,82.5,0.0,0.0,140.0,0.0,140.0
snes,87.0,0.0,0.0,710.0,0.0,710.0
snes,92.0,280.0,0.0,2020.0,10.0,2310.0
wii,19.0,80.0,0.0,0.0,0.0,80.0
wii,20.0,70.0,0.0,0.0,10.0,80.0
wii,25.0,1700.0,960.0,0.0,290.0,2950.0
wii,26.0,760.0,0.0,0.0,50.0,810.0
wii,27.0,530.0,10.0,0.0,40.0,580.0
wii,28.0,190.0,50.0,0.0,30.0,270.0
wii,29.0,1280.0,430.0,0.0,170.0,1880.0
wii,30.0,1030.0,200.0,0.0,110.0,1340.0
wii,31.0,90.0,0.0,0.0,10.0,100.0
wii,32.0,130.0,0.0,0.0,10.0,140.0
wii,33.0,410.0,0.0,0.0,30.0,440.0
wii,35.0,560.0,290.0,10.0,90.0,950.0
wii,35.5,100.0,0.0,0.0,10.0,110.0
wii,36.0,130.0,20.0,0.0,20.0,170.0
wii,37.0,1950.0,610.0,10.0,160.0,2730.0
wii,38.0,1070.0,570.0,50.0,170.0,1860.0
wii,39.0,520.0,100.0,10.0,60.0,690.0
wii,40.0,80.0,0.0,0.0,0.0,80.0
wii,40.5,350.0,0.0,0.0,30.0,380.0
wii,41.0,2320.0,1050.0,20.0,320.0,3710.0
wii,42.0,4320.0,2690.0,0.0,730.0,7740.0
wii,42.5,80.0,40.0,0.0,10.0,130.0
wii,42.67,120.0,80.0,0.0,20.0,220.0
wii,43.0,560.0,90.0,0.0,60.0,710.0
wii,44.0,940.0,1350.0,0.0,290.0,2580.0
wii,44.5,110.0,0.0,0.0,10.0,120.0
wii,45.0,1100.0,250.0,0.0,130.0,1480.0
wii,46.0,1830.0,410.0,110.0,220.0,2570.0
wii,47.0,2440.0,490.0,10.0,240.0,3180.0
wii,48.0,1250.0,950.0,70.0,220.0,2490.0
wii,49.0,7070.0,4220.0,100.0,1180.0,12570.0
wii,49.5,50.0,50.0,0.0,10.0,110.0
wii,50.0,2270.0,1820.0,290.0,500.0,4880.0
wii,51.0,3100.0,1120.0,10.0,390.0,4620.0
wii,52.0,1620.0,840.0,0.0,230.0,2690.0
wii,53.0,3260.0,540.0,350.0,360.0,4510.0
wii,53.5,770.0,310.0,0.0,110.0,1190.0
wii,54.0,1940.0,1350.0,20.0,370.0,3680.0
wii,54.5,390.0,110.0,0.0,40.0,540.0
wii,55.0,830.0,400.0,380.0,130.0,1740.0
wii,56.0,9360.0,3820.0,80.0,1340.0,14600.0
wii,57.0,2350.0,120.0,30.0,190.0,2690.0
wii,57.5,520.0,20.0,0.0,40.0,580.0
wii,57.8,310.0,180.0,0.0,50.0,540.0
wii,58.0,16070.0,10220.0,3010.0,3170.0,32470.0
wii,58.33,670.0,210.0,0.0,70.0,950.0
wii,58.5,1800.0,640.0,330.0,220.0,2990.0
wii,59.0,2680.0,840.0,320.0,330.0,4170.0
wii,59.33,120.0,160.0,0.0,40.0,320.0
wii,59.5,180.0,90.0,0.0,30.0,300.0
wii,60.0,2690.0,1270.0,450.0,390.0,4800.0
wii,61.0,4710.0,2300.0,170.0,730.0,7910.0
wii,61.33,130.0,30.0,0.0,10.0,170.0
wii,61.5,1840.0,410.0,80.0,220.0,2550.0
wii,62.0,14520.0,7070.0,2750.0,2210.0,26550.0
wii,63.0,10400.0,4020.0,850.0,1440.0,16710.0
wii,64.0,3930.0,2080.0,1080.0,620.0,7710.0
wii,64.25,460.0,0.0,0.0,40.0,500.0
wii,65.0,10160.0,2870.0,890.0,1250.0,15170.0
wii,65.12,510.0,10.0,0.0,40.0,560.0
wii,65.5,3050.0,810.0,1660.0,310.0,5830.0
wii,66.0,21730.0,7990.0,1760.0,2750.0,34230.0
wii,66.5,1400.0,480.0,50.0,160.0,2090.0
wii,66.67,130.0,0.0,0.0,10.0,140.0
wii,67.0,14740.0,6090.0,870.0,1990.0,23690.0
wii,68.0,17710.0,10380.0,3890.0,2950.0,34930.0
wii,69.0,14750.0,6270.0,1990.0,2140.0,25150.0
wii,70.0,16660.0,5340.0,1230.0,1900.0,25130.0
wii,70.5,130.0,130.0,540.0,20.0,820.0
wii,70.67,410.0,460.0,0.0,80.0,950.0
wii,71.0,5940.0,2230.0,440.0,800.0,9410.0
wii,71.4,480.0,340.0,0.0,70.0,890.0
wii,71.67,140.0,0.0,0.0,10.0,150.0
wii,71.83,3660.0,3630.0,350.0,920.0,8560.0
wii,72.0,8290.0,3220.0,880.0,1090.0,13480.0
wii,72.33,990.0,850.0,0.0,170.0,2010.0
wii,72.5,330.0,120.0,660.0,40.0,1150.0
wii,73.0,16670.0,12510.0,3410.0,3260.0,35850.0
wii,73.33,1050.0,410.0,0.0,140.0,1600.0
wii,73.5,70.0,10.0,0.0,10.0,90.0
wii,74.0,23830.0,12230.0,270.0,3570.0,39900.0
wii,74.2,900.0,370.0,0.0,110.0,1380.0
wii,74.5,0.0,0.0,1060.0,0.0,1060.0
wii,74.8,1880.0,1390.0,0.0,310.0,3580.0
wii,75.0,12610.0,5620.0,1340.0,1860.0,21430.0
wii,75.5,530.0,0.0,680.0,30.0,1240.0
wii,76.0,49130.0,31620.0,4660.0,9410.0,94820.0
wii,76.33,180.0,440.0,0.0,70.0,690.0
wii,77.0,2880.0,1220.0,1120.0,360.0,5580.0
wii,78.0,7480.0,4260.0,230.0,1210.0,13180.0
wii,78.5,410.0,0.0,0.0,30.0,440.0
wii,79.0,6490.0,3890.0,460.0,1060.0,11900.0
wii,80.0,41500.0,31150.0,9630.0,8040.0,90320.0
wii,80.4,1210.0,750.0,0.0,190.0,2150.0
wii,81.0,5780.0,3360.0,190.0,1020.0,10350.0
wii,81.33,20.0,150.0,60.0,10.0,240.0
wii,82.0,18810.0,14370.0,4210.0,3730.0,41120.0
wii,82.5,340.0,0.0,0.0,30.0,370.0
wii,83.0,2920.0,2910.0,1690.0,730.0,8250.0
wii,84.0,1140.0,780.0,1090.0,210.0,3220.0
wii,85.0,3560.0,1930.0,620.0,610.0,6720.0
wii,86.0,5690.0,2160.0,0.0,810.0,8660.0
wii,86.4,0.0,360.0,0.0,20.0,380.0
wii,86.67,460.0,10.0,0.0,30.0,500.0
wii,87.0,18200.0,9060.0,5750.0,2790.0,35800.0
wii,88.0,1080.0,450.0,0.0,150.0,1680.0
wii,88.25,360.0,30.0,0.0,30.0,420.0
wii,88.67,290.0,30.0,0.0,20.0,340.0
wii,89.0,2090.0,870.0,0.0,300.0,3260.0
wii,89.33,1320.0,560.0,140.0,200.0,2220.0
wii,90.0,1320.0,830.0,110.0,140.0,2400.0
wii,91.0,950.0,110.0,0.0,180.0,1240.0
wii,92.0,1570.0,530.0,160.0,210.0,2470.0
wii,93.0,8650.0,3710.0,3030.0,1390.0,16780.0
wii,95.0,3740.0,2140.0,600.0,680.0,7160.0
wii,97.0,9620.0,5700.0,2180.0,1360.0,18860.0
wiiu,24.0,90.0,30.0,0.0,10.0,130.0
wiiu,31.0,200.0,120.0,0.0,30.0,350.0
wiiu,32.0,190.0,90.0,0.0,30.0,310.0
wiiu,33.0,80.0,30.0,0.0,10.0,120.0
wiiu,38.0,0.0,20.0,0.0,0.0,20.0
wiiu,40.0,0.0,0.0,20.0,0.0,20.0
wiiu,42.0,40.0,30.0,0.0,10.0,80.0
wiiu,43.0,40.0,20.0,0.0,10.0,70.0
wiiu,45.0,80.0,20.0,10.0,10.0,120.0
wiiu,46.0,190.0,110.0,90.0,30.0,420.0
wiiu,47.0,30.0,50.0,0.0,10.0,90.0
wiiu,48.0,20.0,10.0,0.0,0.0,30.0
wiiu,50.0,60.0,40.0,0.0,10.0,110.0
wiiu,51.0,150.0,60.0,0.0,20.0,230.0
wiiu,52.0,60.0,50.0,0.0,10.0,120.0
wiiu,57.0,130.0,70.0,10.0,20.0,230.0
wiiu,58.0,300.0,210.0,140.0,40.0,690.0
wiiu,59.67,40.0,20.0,0.0,10.0,70.0
wiiu,60.0,130.0,120.0,0.0,20.0,270.0
wiiu,62.0,370.0,230.0,0.0,60.0,660.0
wiiu,63.0,230.0,130.0,10.0,30.0,400.0
wiiu,64.0,40.0,20.0,20.0,10.0,90.0
wiiu,65.0,300.0,560.0,840.0,50.0,1750.0
wiiu,66.0,900.0,700.0,260.0,150.0,2010.0
wiiu,67.0,0.0,40.0,80.0,0.0,120.0
wiiu,68.0,690.0,460.0,70.0,110.0,1330.0
wiiu,69.0,680.0,560.0,80.0,120.0,1440.0
wiiu,69.75,90.0,110.0,0.0,20.0,220.0
wiiu,70.0,0.0,50.0,10.0,0.0,60.0
wiiu,70.5,2600.0,1080.0,810.0,380.0,4870.0
wiiu,71.0,860.0,410.0,100.0,120.0,1490.0
wiiu,72.0,1220.0,740.0,640.0,180.0,2780.0
wiiu,73.0,870.0,680.0,540.0,150.0,2240.0
wiiu,73.5,210.0,210.0,230.0,40.0,690.0
wiiu,74.0,890.0,590.0,240.0,130.0,1850.0
wiiu,75.0,1020.0,760.0,70.0,160.0,2010.0
wiiu,75.83,130.0,120.0,0.0,20.0,270.0
wiiu,76.0,1440.0,920.0,300.0,240.0,2900.0
wiiu,77.0,4450.0,2200.0,760.0,620.0,8030.0
wiiu,78.0,810.0,570.0,280.0,130.0,1790.0
wiiu,78.5,370.0,220.0,130.0,60.0,780.0
wiiu,79.0,20.0,0.0,0.0,0.0,20.0
wiiu,80.0,760.0,610.0,160.0,120.0,1650.0
wiiu,81.0,2270.0,1750.0,1650.0,380.0,6050.0
wiiu,81.14,0.0,30.0,0.0,0.0,30.0
wiiu,82.0,400.0,430.0,30.0,80.0,940.0
wiiu,82.5,90.0,70.0,10.0,10.0,180.0
wiiu,83.0,700.0,550.0,160.0,120.0,1530.0
wiiu,84.0,3020.0,1890.0,1630.0,440.0,6980.0
wiiu,85.0,330.0,240.0,0.0,50.0,620.0
wiiu,86.0,1110.0,650.0,80.0,180.0,2020.0
wiiu,87.0,690.0,510.0,290.0,110.0,1600.0
wiiu,88.0,4380.0,3080.0,2220.0,720.0,10400.0
wiiu,89.0,380.0,150.0,20.0,50.0,600.0
wiiu,89.33,50.0,50.0,0.0,10.0,110.0
wiiu,91.0,320.0,280.0,100.0,60.0,760.0
wiiu,91.67,140.0,110.0,0.0,20.0,270.0
wiiu,92.0,250.0,330.0,30.0,50.0,660.0
wiiu,93.0,2110.0,1160.0,730.0,320.0,4320.0
wiiu,93.67,160.0,180.0,0.0,30.0,370.0
wiiu,96.0,920.0,600.0,140.0,140.0,1800.0
ws,73.0,0.0,0.0,250.0,0.0,250.0
ws,73.5,0.0,0.0,170.0,0.0,170.0
ws,78.0,0.0,0.0,30.0,0.0,30.0
ws,81.0,0.0,0.0,460.0,0.0,460.0
ws,83.0,0.0,0.0,510.0,0.0,510.0
x360,19.0,40.0,10.0,0.0,10.0,60.0
x360,19.5,0.0,30.0,0.0,0.0,30.0
x360,21.0,80.0,30.0,0.0,10.0,120.0
x360,25.0,280.0,90.0,0.0,30.0,400.0
x360,26.0,370.0,60.0,0.0,30.0,460.0
x360,28.0,160.0,40.0,0.0,20.0,220.0
x360,29.0,50.0,0.0,0.0,0.0,50.0
x360,30.0,50.0,30.0,0.0,10.0,90.0
x360,32.0,800.0,380.0,0.0,120.0,1300.0
x360,33.0,700.0,340.0,0.0,100.0,1140.0
x360,34.0,40.0,0.0,0.0,0.0,40.0
x360,35.0,230.0,50.0,0.0,20.0,300.0
x360,35.5,60.0,0.0,0.0,10.0,70.0
x360,36.0,250.0,10.0,0.0,30.0,290.0
x360,37.0,290.0,50.0,0.0,30.0,370.0
x360,38.0,1170.0,370.0,30.0,140.0,1710.0
x360,39.0,1240.0,150.0,0.0,100.0,1490.0
x360,40.0,680.0,450.0,0.0,120.0,1250.0
x360,41.0,720.0,320.0,0.0,110.0,1150.0
x360,42.0,2390.0,720.0,0.0,260.0,3370.0
x360,43.0,1370.0,600.0,0.0,200.0,2170.0
x360,44.0,920.0,240.0,20.0,100.0,1280.0
x360,45.0,1160.0,880.0,0.0,230.0,2270.0
x360,46.0,1360.0,660.0,0.0,220.0,2240.0
x360,47.0,1410.0,640.0,0.0,200.0,2250.0
x360,48.0,1150.0,600.0,40.0,170.0,1960.0
x360,49.0,1400.0,390.0,80.0,180.0,2050.0
x360,49.5,10.0,30.0,0.0,0.0,40.0
x360,50.0,1670.0,760.0,20.0,260.0,2710.0
x360,51.0,1140.0,180.0,0.0,110.0,1430.0
x360,52.0,2470.0,960.0,40.0,320.0,3790.0
x360,53.0,2230.0,800.0,80.0,280.0,3390.0
x360,54.0,1050.0,350.0,10.0,120.0,1530.0
x360,55.0,3990.0,1830.0,160.0,570.0,6550.0
x360,56.0,2180.0,510.0,50.0,250.0,2990.0
x360,56.33,60.0,30.0,0.0,10.0,100.0
x360,57.0,1830.0,690.0,20.0,240.0,2780.0
x360,58.0,1880.0,680.0,60.0,240.0,2860.0
x360,58.5,0.0,0.0,110.0,0.0,110.0
x360,59.0,2460.0,740.0,120.0,320.0,3640.0
x360,59.5,350.0,50.0,0.0,50.0,450.0
x360,60.0,3980.0,1580.0,60.0,530.0,6150.0
x360,61.0,18390.0,6110.0,420.0,2120.0,27040.0
x360,61.5,620.0,50.0,0.0,60.0,730.0
x360,62.0,4430.0,2370.0,180.0,700.0,7680.0
x360,62.67,0.0,10.0,0.0,0.0,10.0
x360,63.0,6350.0,3040.0,100.0,910.0,10400.0
x360,64.0,2960.0,1660.0,120.0,490.0,5230.0
x360,65.0,4310.0,1440.0,100.0,570.0,6420.0
x360,65.12,630.0,1280.0,20.0,260.0,2190.0
x360,65.33,60.0,140.0,0.0,20.0,220.0
x360,65.5,1170.0,400.0,140.0,130.0,1840.0
x360,66.0,7740.0,2740.0,280.0,1010.0,11770.0
x360,66.5,880.0,500.0,0.0,150.0,1530.0
x360,67.0,5010.0,3440.0,270.0,840.0,9560.0
x360,67.75,180.0,110.0,0.0,30.0,320.0
x360,68.0,9350.0,4320.0,460.0,1320.0,15450.0
x360,68.5,50.0,40.0,0.0,10.0,100.0
x360,69.0,5460.0,2340.0,220.0,740.0,8760.0
x360,70.0,10140.0,3760.0,280.0,1330.0,15510.0
x360,70.5,0.0,0.0,20.0,0.0,20.0
x360,70.67,230.0,50.0,0.0,30.0,310.0
x360,70.75,470.0,320.0,0.0,80.0,870.0
x360,71.0,8190.0,3920.0,160.0,1220.0,13490.0
x360,71.5,30.0,120.0,0.0,10.0,160.0
x360,71.67,210.0,110.0,0.0,40.0,360.0
x360,71.83,1680.0,2980.0,20.0,620.0,5300.0
x360,72.0,11100.0,6450.0,620.0,1640.0,19810.0
x360,72.33,450.0,130.0,0.0,60.0,640.0
x360,72.5,1460.0,510.0,10.0,190.0,2170.0
x360,73.0,26790.0,11280.0,380.0,3680.0,42130.0
x360,73.5,570.0,330.0,20.0,90.0,1010.0
x360,74.0,12120.0,5980.0,450.0,1700.0,20250.0
x360,74.25,790.0,460.0,20.0,120.0,1390.0
x360,75.0,10080.0,4770.0,210.0,1430.0,16490.0
x360,75.33,60.0,10.0,0.0,10.0,80.0
x360,75.5,1310.0,430.0,100.0,180.0,2020.0
x360,76.0,11530.0,6380.0,200.0,1750.0,19860.0
x360,77.0,13300.0,7220.0,140.0,2120.0,22780.0
x360,78.0,7870.0,3890.0,170.0,1140.0,13070.0
x360,78.5,460.0,20.0,0.0,40.0,520.0
x360,79.0,17420.0,8960.0,840.0,2580.0,29800.0
x360,79.33,150.0,100.0,0.0,20.0,270.0
x360,79.67,180.0,170.0,0.0,30.0,380.0
x360,80.0,23360.0,9990.0,440.0,3210.0,37000.0
x360,80.33,10.0,20.0,0.0,0.0,30.0
x360,80.5,1770.0,60.0,0.0,220.0,2050.0
x360,80.67,2770.0,1110.0,0.0,400.0,4280.0
x360,81.0,20520.0,7540.0,280.0,2770.0,31110.0
x360,81.33,250.0,130.0,0.0,40.0,420.0
x360,81.67,130.0,80.0,0.0,20.0,230.0
x360,82.0,20650.0,10420.0,250.0,3010.0,34330.0
x360,82.33,1020.0,1250.0,0.0,200.0,2470.0
x360,82.5,1490.0,130.0,0.0,190.0,1810.0
x360,82.67,40.0,50.0,0.0,10.0,100.0
x360,83.0,31110.0,13560.0,640.0,4490.0,49800.0
x360,83.5,850.0,20.0,0.0,100.0,970.0
x360,84.0,31630.0,17410.0,460.0,4950.0,54450.0
x360,84.33,70.0,280.0,0.0,30.0,380.0
x360,85.0,18880.0,6500.0,370.0,2570.0,28320.0
x360,86.0,15300.0,5340.0,150.0,1830.0,22620.0
x360,86.33,360.0,120.0,0.0,50.0,530.0
x360,86.5,790.0,50.0,0.0,100.0,940.0
x360,87.0,22050.0,9710.0,180.0,2870.0,34810.0
x360,87.5,240.0,80.0,0.0,30.0,350.0
x360,88.0,21760.0,11560.0,280.0,3340.0,36940.0
x360,89.0,21880.0,6360.0,370.0,2640.0,31250.0
x360,89.33,90.0,20.0,0.0,10.0,120.0
x360,90.0,12850.0,9340.0,270.0,2280.0,24740.0
x360,91.0,16860.0,7800.0,270.0,2370.0,27300.0
x360,92.0,10910.0,3440.0,120.0,1370.0,15840.0
x360,93.0,13380.0,5100.0,350.0,1830.0,20660.0
x360,93.67,80.0,20.0,0.0,10.0,110.0
x360,94.0,31770.0,12940.0,580.0,4810.0,50100.0
x360,95.0,5110.0,2440.0,100.0,750.0,8400.0
x360,96.0,9780.0,4980.0,200.0,1570.0,16530.0
x360,97.0,9660.0,5140.0,60.0,1410.0,16270.0
x360,98.0,6760.0,3070.0,140.0,1030.0,11000.0
xb,19.0,160.0,50.0,0.0,10.0,220.0
xb,24.0,10.0,0.0,0.0,0.0,10.0
xb,25.0,80.0,20.0,0.0,0.0,100.0
xb,26.0,30.0,10.0,0.0,0.0,40.0
xb,28.0,70.0,20.0,0.0,0.0,90.0
xb,30.0,50.0,10.0,0.0,0.0,60.0
xb,31.0,30.0,10.0,0.0,0.0,40.0
xb,32.0,330.0,90.0,0.0,10.0,430.0
xb,33.0,120.0,30.0,0.0,0.0,150.0
xb,35.0,270.0,70.0,0.0,20.0,360.0
xb,36.0,50.0,10.0,0.0,0.0,60.0
xb,37.0,110.0,30.0,0.0,0.0,140.0
xb,38.0,60.0,10.0,0.0,0.0,70.0
xb,39.0,80.0,20.0,0.0,0.0,100.0
xb,40.0,150.0,40.0,0.0,10.0,200.0
xb,41.0,150.0,50.0,0.0,10.0,210.0
xb,42.0,50.0,10.0,0.0,0.0,60.0
xb,43.0,100.0,30.0,0.0,0.0,130.0
xb,44.0,430.0,120.0,0.0,10.0,560.0
xb,45.0,160.0,40.0,0.0,0.0,200.0
xb,46.0,150.0,40.0,0.0,0.0,190.0
xb,47.0,120.0,50.0,0.0,0.0,170.0
xb,48.0,450.0,120.0,60.0,10.0,640.0
xb,49.0,790.0,260.0,0.0,30.0,1080.0
xb,50.0,560.0,170.0,0.0,30.0,760.0
xb,51.0,590.0,170.0,30.0,30.0,820.0
xb,52.0,420.0,110.0,0.0,20.0,550.0
xb,53.0,730.0,200.0,0.0,30.0,960.0
xb,54.0,540.0,160.0,0.0,10.0,710.0
xb,55.0,300.0,80.0,0.0,0.0,380.0
xb,56.0,1420.0,690.0,0.0,60.0,2170.0
xb,57.0,820.0,240.0,0.0,20.0,1080.0
xb,58.0,1600.0,460.0,0.0,60.0,2120.0
xb,59.0,1890.0,510.0,0.0,110.0,2510.0
xb,60.0,860.0,260.0,0.0,20.0,1140.0
xb,61.0,4270.0,1450.0,0.0,170.0,5890.0
xb,62.0,1310.0,370.0,0.0,50.0,1730.0
xb,62.33,180.0,50.0,0.0,10.0,240.0
xb,63.0,1290.0,390.0,0.0,30.0,1710.0
xb,64.0,1030.0,270.0,0.0,40.0,1340.0
xb,64.5,350.0,100.0,0.0,20.0,470.0
xb,65.0,5720.0,2280.0,40.0,290.0,8330.0
xb,66.0,2410.0,800.0,0.0,110.0,3320.0
xb,67.0,3100.0,1600.0,50.0,190.0,4940.0
xb,68.0,5140.0,1480.0,0.0,230.0,6850.0
xb,68.5,1290.0,410.0,0.0,60.0,1760.0
xb,69.0,2310.0,670.0,30.0,70.0,3080.0
xb,69.5,70.0,20.0,0.0,0.0,90.0
xb,70.0,5750.0,2050.0,40.0,270.0,8110.0
xb,71.0,3840.0,1140.0,0.0,160.0,5140.0
xb,71.5,160.0,50.0,0.0,10.0,220.0
xb,72.0,3280.0,1350.0,0.0,180.0,4810.0
xb,72.5,250.0,70.0,0.0,10.0,330.0
xb,73.0,3650.0,1540.0,150.0,190.0,5530.0
xb,74.0,6340.0,1800.0,30.0,300.0,8470.0
xb,74.5,310.0,90.0,0.0,10.0,410.0
xb,75.0,3770.0,1090.0,0.0,180.0,5040.0
xb,75.75,130.0,40.0,0.0,10.0,180.0
xb,76.0,3590.0,960.0,50.0,160.0,4760.0
xb,77.0,6070.0,2360.0,10.0,340.0,8780.0
xb,78.0,5720.0,1880.0,40.0,290.0,7930.0
xb,79.0,5480.0,1540.0,0.0,260.0,7280.0
xb,80.0,5330.0,2130.0,30.0,250.0,7740.0
xb,81.0,6890.0,2460.0,0.0,380.0,9730.0
xb,82.0,3480.0,1500.0,30.0,220.0,5230.0
xb,83.0,7960.0,2910.0,150.0,440.0,11460.0
xb,84.0,8760.0,2790.0,0.0,420.0,11970.0
xb,85.0,9020.0,2730.0,50.0,480.0,12280.0
xb,86.0,5540.0,1410.0,0.0,290.0,7240.0
xb,87.0,6760.0,1920.0,270.0,330.0,9280.0
xb,88.0,6020.0,2430.0,30.0,320.0,8800.0
xb,89.0,5460.0,1550.0,20.0,280.0,7310.0
xb,90.0,2700.0,880.0,40.0,160.0,3780.0
xb,91.0,2800.0,310.0,70.0,130.0,3310.0
xb,92.0,5390.0,1160.0,30.0,220.0,6800.0
xb,92.5,380.0,110.0,0.0,20.0,510.0
xb,93.0,4270.0,2420.0,0.0,310.0,7000.0
xb,94.0,3270.0,1270.0,0.0,170.0,4710.0
xb,95.0,6820.0,1530.0,50.0,80.0,8480.0
xb,97.0,4980.0,1300.0,80.0,70.0,6430.0
xone,20.0,30.0,50.0,0.0,10.0,90.0
xone,23.0,110.0,70.0,0.0,20.0,200.0
xone,25.0,0.0,20.0,0.0,0.0,20.0
xone,35.0,30.0,20.0,0.0,0.0,50.0
xone,36.0,160.0,20.0,0.0,20.0,200.0
xone,39.0,90.0,20.0,0.0,10.0,120.0
xone,45.0,20.0,0.0,0.0,0.0,20.0
xone,48.0,30.0,20.0,0.0,0.0,50.0
xone,49.0,70.0,70.0,0.0,10.0,150.0
xone,51.0,260.0,220.0,0.0,40.0,520.0
xone,52.0,10.0,10.0,0.0,0.0,20.0
xone,53.0,280.0,70.0,0.0,40.0,390.0
xone,54.0,40.0,50.0,0.0,10.0,100.0
xone,55.0,50.0,10.0,0.0,0.0,60.0
xone,56.0,300.0,230.0,0.0,50.0,580.0
xone,58.0,120.0,110.0,0.0,20.0,250.0
xone,59.0,310.0,60.0,0.0,40.0,410.0
xone,60.0,1650.0,930.0,30.0,260.0,2870.0
xone,61.0,90.0,30.0,0.0,10.0,130.0
xone,62.0,50.0,50.0,0.0,10.0,110.0
xone,63.0,320.0,180.0,0.0,40.0,540.0
xone,64.0,360.0,500.0,0.0,70.0,930.0
xone,65.0,40.0,130.0,0.0,10.0,180.0
xone,65.5,300.0,330.0,0.0,60.0,690.0
xone,66.0,340.0,60.0,0.0,40.0,440.0
xone,67.0,480.0,430.0,0.0,80.0,990.0
xone,68.0,130.0,130.0,0.0,20.0,280.0
xone,69.0,490.0,250.0,0.0,70.0,810.0
xone,70.0,1190.0,530.0,0.0,170.0,1890.0
xone,70.5,10.0,30.0,0.0,0.0,40.0
xone,71.0,1850.0,1130.0,10.0,290.0,3280.0
xone,72.0,3400.0,1600.0,0.0,500.0,5500.0
xone,73.0,1270.0,380.0,0.0,180.0,1830.0
xone,73.5,1900.0,990.0,0.0,290.0,3180.0
xone,74.0,3140.0,1600.0,10.0,450.0,5200.0
xone,74.5,0.0,50.0,0.0,0.0,50.0
xone,75.0,2920.0,1250.0,10.0,420.0,4600.0
xone,76.0,7830.0,4170.0,30.0,1180.0,13210.0
xone,77.0,2110.0,1110.0,10.0,330.0,3560.0
xone,77.5,40.0,30.0,0.0,10.0,80.0
xone,77.67,610.0,350.0,0.0,90.0,1050.0
xone,78.0,6620.0,3460.0,10.0,1000.0,11090.0
xone,78.5,510.0,310.0,0.0,80.0,900.0
xone,79.0,2310.0,1460.0,10.0,370.0,4150.0
xone,79.67,50.0,0.0,0.0,10.0,60.0
xone,79.75,10.0,0.0,0.0,0.0,10.0
xone,80.0,3930.0,1360.0,0.0,560.0,5850.0
xone,80.4,220.0,60.0,0.0,30.0,310.0
xone,80.67,150.0,130.0,0.0,30.0,310.0
xone,81.0,5850.0,3030.0,10.0,890.0,9780.0
xone,81.33,100.0,90.0,0.0,20.0,210.0
xone,81.5,10.0,0.0,0.0,0.0,10.0
xone,82.0,5640.0,2690.0,10.0,860.0,9200.0
xone,83.0,1390.0,260.0,0.0,180.0,1830.0
xone,83.25,40.0,20.0,0.0,10.0,70.0
xone,84.0,7530.0,6280.0,40.0,1280.0,15130.0
xone,85.0,3480.0,1840.0,30.0,540.0,5890.0
xone,85.4,1480.0,550.0,0.0,210.0,2240.0
xone,85.5,80.0,40.0,0.0,10.0,130.0
xone,86.0,6960.0,3040.0,70.0,1020.0,11090.0
xone,87.0,3850.0,2900.0,40.0,640.0,7430.0
xone,88.0,3040.0,2060.0,10.0,490.0,5600.0
xone,88.5,90.0,50.0,0.0,10.0,150.0
xone,89.0,850.0,230.0,0.0,120.0,1200.0
xone,90.0,860.0,60.0,0.0,110.0,1030.0
xone,91.0,2010.0,1660.0,0.0,340.0,4010.0
xone,94.0,410.0,270.0,0.0,70.0,750.0
xone,95.0,410.0,260.0,10.0,70.0,750.0
xone,97.0,2810.0,2190.0,0.0,470.0,5470.0
