platform,year_of_release,na_sales,eu_sales,jp_sales,other_sales,total_sales
2600,1977.0,2680.0,160.0,0.0,20.0,96980.0
2600,1978.0,600.0,40.0,0.0,0.0,100.0
2600,1979.0,290.0,20.0,0.0,0.0,259000.0
2600,1980.0,15360.0,960.0,0.0,170.0,15950.0
2600,1981.0,33810.0,1990.0,0.0,320.0,806120.0
2600,1982.0,27360.0,1680.0,0.0,310.0,255460.0
2600,1983.0,5440.0,340.0,0.0,60.0,317850.0
2600,1984.0,460.0,20.0,0.0,0.0,198930.0
2600,1985.0,420.0,30.0,0.0,0.0,30770.0
2600,1986.0,630.0,40.0,0.0,0.0,40.0
2600,1987.0,1840.0,90.0,0.0,10.0,218680.0
2600,1988.0,690.0,40.0,0.0,10.0,251050.0
2600,1989.0,590.0,30.0,0.0,10.0,1440.0
2600,1990.0,0.0,0.0,0.0,0.0,259520.0
2600,1991.0,0.0,0.0,0.0,0.0,30.0
2600,1992.0,0.0,0.0,0.0,0.0,730860.0
2600,1993.0,0.0,0.0,0.0,0.0,1255770.0
2600,1994.0,0.0,0.0,0.0,0.0,939650.0
2600,1995.0,0.0,0.0,0.0,0.0,314140.0
2600,1996.0,0.0,0.0,0.0,0.0,294050.0
2600,1997.0,0.0,0.0,0.0,0.0,54070.0
2600,1998.0,0.0,0.0,0.0,0.0,33590.0
2600,1999.0,0.0,0.0,0.0,0.0,1860.0
2600,2000.0,0.0,0.0,0.0,0.0,200040.0
2600,2001.0,0.0,0.0,0.0,0.0,160.0
2600,2002.0,0.0,0.0,0.0,0.0,907510.0
2600,2003.0,0.0,0.0,0.0,0.0,82190.0
2600,2004.0,0.0,0.0,0.0,0.0,1420.0
2600,2005.0,0.0,0.0,0.0,0.0,971420.0
2600,2006.0,0.0,0.0,0.0,0.0,257740.0
2600,2007.0,0.0,0.0,0.0,0.0,159320.0
2600,2008.0,0.0,0.0,0.0,0.0,
2600,2009.0,0.0,0.0,0.0,0.0,
2600,2010.0,0.0,0.0,0.0,0.0,
2600,2011.0,0.0,0.0,0.0,0.0,
2600,2012.0,0.0,0.0,0.0,0.0,
2600,2013.0,0.0,0.0,0.0,0.0,
2600,2014.0,0.0,0.0,0.0,0.0,
2600,2015.0,0.0,0.0,0.0,0.0,
2600,2016.0,0.0,0.0,0.0,0.0,
2600,2017.0,0.0,0.0,0.0,0.0,
2600,2019.0,430.0,30.0,0.0,0.0,
2600,2021.0,0.0,0.0,0.0,0.0,
2600,2022.0,0.0,0.0,0.0,0.0,
2600,2023.0,0.0,0.0,0.0,0.0,
3do,1977.0,0.0,0.0,0.0,0.0,
3do,1978.0,0.0,0.0,0.0,0.0,
3do,1979.0,0.0,0.0,0.0,0.0,
3do,1980.0,0.0,0.0,0.0,0.0,
3do,1981.0,0.0,0.0,0.0,0.0,
3do,1982.0,0.0,0.0,0.0,0.0,
3do,1983.0,0.0,0.0,0.0,0.0,
3do,1984.0,0.0,0.0,0.0,0.0,
3do,1985.0,0.0,0.0,0.0,0.0,
3do,1986.0,0.0,0.0,0.0,0.0,
3do,1987.0,0.0,0.0,0.0,0.0,
3do,1988.0,0.0,0.0,0.0,0.0,
3do,1989.0,0.0,0.0,0.0,0.0,
3do,1990.0,0.0,0.0,0.0,0.0,
3do,1991.0,0.0,0.0,0.0,0.0,
3do,1992.0,0.0,0.0,0.0,0.0,
3do,1993.0,0.0,0.0,0.0,0.0,
3do,1994.0,0.0,0.0,20.0,0.0,
3do,1995.0,0.0,0.0,80.0,0.0,
3do,1996.0,0.0,0.0,0.0,0.0,
3do,1997.0,0.0,0.0,0.0,0.0,
3do,1998.0,0.0,0.0,0.0,0.0,
3do,1999.0,0.0,0.0,0.0,0.0,
3do,2000.0,0.0,0.0,0.0,0.0,
3do,2001.0,0.0,0.0,0.0,0.0,
3do,2002.0,0.0,0.0,0.0,0.0,
3do,2003.0,0.0,0.0,0.0,0.0,
3do,2004.0,0.0,0.0,0.0,0.0,
3do,2005.0,0.0,0.0,0.0,0.0,
3do,2006.0,0.0,0.0,0.0,0.0,
3do,2007.0,0.0,0.0,0.0,0.0,
3do,2008.0,0.0,0.0,0.0,0.0,
3do,2009.0,0.0,0.0,0.0,0.0,
3do,2010.0,0.0,0.0,0.0,0.0,
3do,2011.0,0.0,0.0,0.0,0.0,
3do,2012.0,0.0,0.0,0.0,0.0,
3do,2013.0,0.0,0.0,0.0,0.0,
3do,2014.0,0.0,0.0,0.0,0.0,
3do,2015.0,0.0,0.0,0.0,0.0,
3do,2016.0,0.0,0.0,0.0,0.0,
3do,2017.0,0.0,0.0,0.0,0.0,
3do,2019.0,0.0,0.0,0.0,0.0,
3do,2021.0,0.0,0.0,0.0,0.0,
3do,2022.0,0.0,0.0,0.0,0.0,
3do,2023.0,0.0,0.0,0.0,0.0,
3ds,1977.0,0.0,0.0,0.0,0.0,
3ds,1978.0,0.0,0.0,0.0,0.0,
3ds,1979.0,0.0,0.0,0.0,0.0,
3ds,1980.0,0.0,0.0,0.0,0.0,
3ds,1981.0,0.0,0.0,0.0,0.0,
3ds,1982.0,0.0,0.0,0.0,0.0,
3ds,1983.0,0.0,0.0,0.0,0.0,
3ds,1984.0,0.0,0.0,0.0,0.0,
3ds,1985.0,0.0,0.0,0.0,0.0,
3ds,1986.0,0.0,0.0,0.0,0.0,
3ds,1987.0,0.0,0.0,0.0,0.0,
3ds,1988.0,0.0,0.0,0.0,0.0,
3ds,1989.0,0.0,0.0,0.0,0.0,
3ds,1990.0,0.0,0.0,0.0,0.0,
3ds,1991.0,0.0,0.0,0.0,0.0,
3ds,1992.0,0.0,0.0,0.0,0.0,
3ds,1993.0,0.0,0.0,0.0,0.0,
3ds,1994.0,0.0,0.0,0.0,0.0,
3ds,1995.0,0.0,0.0,0.0,0.0,
3ds,1996.0,0.0,0.0,0.0,0.0,
3ds,1997.0,0.0,0.0,0.0,0.0,
3ds,1998.0,0.0,0.0,0.0,0.0,
3ds,1999.0,0.0,0.0,0.0,0.0,
3ds,2000.0,0.0,0.0,0.0,0.0,
3ds,2001.0,0.0,0.0,0.0,0.0,
3ds,2002.0,0.0,0.0,0.0,0.0,
3ds,2003.0,0.0,0.0,0.0,0.0,
3ds,2004.0,0.0,0.0,0.0,0.0,
3ds,2005.0,0.0,0.0,0.0,0.0,
3ds,2006.0,0.0,0.0,0.0,0.0,
3ds,2007.0,0.0,0.0,0.0,0.0,
3ds,2008.0,0.0,0.0,0.0,0.0,
3ds,2009.0,0.0,0.0,0.0,0.0,
3ds,2010.0,540.0,0.0,0.0,40.0,
3ds,2011.0,27640.0,18840.0,12830.0,4450.0,
3ds,2012.0,17110.0,11680.0,20030.0,2590.0,
3ds,2013.0,15560.0,14840.0,23570.0,2600.0,
3ds,2014.0,12330.0,8730.0,20690.0,2010.0,
3ds,2015.0,6170.0,5060.0,15520.0,1030.0,
3ds,2016.0,4140.0,2330.0,8030.0,640.0,
3ds,2017.0,0.0,0.0,0.0,0.0,
3ds,2019.0,0.0,0.0,0.0,0.0,
3ds,2021.0,0.0,0.0,0.0,0.0,
3ds,2022.0,0.0,0.0,0.0,0.0,
3ds,2023.0,0.0,0.0,0.0,0.0,
dc,1977.0,0.0,0.0,0.0,0.0,
dc,1978.0,0.0,0.0,0.0,0.0,
dc,1979.0,0.0,0.0,0.0,0.0,
dc,1980.0,0.0,0.0,0.0,0.0,
dc,1981.0,0.0,0.0,0.0,0.0,
dc,1982.0,0.0,0.0,0.0,0.0,
dc,1983.0,0.0,0.0,0.0,0.0,
dc,1984.0,0.0,0.0,0.0,0.0,
dc,1985.0,0.0,0.0,0.0,0.0,
dc,1986.0,0.0,0.0,0.0,0.0,
dc,1987.0,0.0,0.0,0.0,0.0,
dc,1988.0,0.0,0.0,0.0,0.0,
dc,1989.0,0.0,0.0,0.0,0.0,
dc,1990.0,0.0,0.0,0.0,0.0,
dc,1991.0,0.0,0.0,0.0,0.0,
dc,1992.0,0.0,0.0,0.0,0.0,
dc,1993.0,0.0,0.0,0.0,0.0,
dc,1994.0,0.0,0.0,0.0,0.0,
dc,1995.0,0.0,0.0,0.0,0.0,
dc,1996.0,0.0,0.0,0.0,0.0,
dc,1997.0,0.0,0.0,0.0,0.0,
dc,1998.0,1260.0,610.0,1430.0,80.0,
dc,1999.0,1640.0,290.0,3170.0,60.0,
dc,2000.0,2530.0,790.0,2540.0,130.0,
dc,2001.0,0.0,0.0,1070.0,0.0,
dc,2002.0,0.0,0.0,290.0,0.0,
dc,2003.0,0.0,0.0,0.0,0.0,
dc,2004.0,0.0,0.0,0.0,0.0,
dc,2005.0,0.0,0.0,0.0,0.0,
dc,2006.0,0.0,0.0,0.0,0.0,
dc,2007.0,0.0,0.0,20.0,0.0,
dc,2008.0,0.0,0.0,40.0,0.0,
dc,2009.0,0.0,0.0,0.0,0.0,
dc,2010.0,0.0,0.0,0.0,0.0,
dc,2011.0,0.0,0.0,0.0,0.0,
dc,2012.0,0.0,0.0,0.0,0.0,
dc,2013.0,0.0,0.0,0.0,0.0,
dc,2014.0,0.0,0.0,0.0,0.0,
dc,2015.0,0.0,0.0,0.0,0.0,
dc,2016.0,0.0,0.0,0.0,0.0,
dc,2017.0,0.0,0.0,0.0,0.0,
dc,2019.0,0.0,0.0,0.0,0.0,
dc,2021.0,0.0,0.0,0.0,0.0,
dc,2022.0,0.0,0.0,0.0,0.0,
dc,2023.0,0.0,0.0,0.0,0.0,
ds,1977.0,0.0,0.0,0.0,0.0,
ds,1978.0,0.0,0.0,0.0,0.0,
ds,1979.0,0.0,0.0,0.0,0.0,
ds,1980.0,0.0,0.0,0.0,0.0,
ds,1981.0,0.0,0.0,0.0,0.0,
ds,1982.0,0.0,0.0,0.0,0.0,
ds,1983.0,110.0,0.0,0.0,10.0,
ds,1984.0,0.0,0.0,0.0,0.0,
ds,1985.0,0.0,0.0,20.0,0.0,
ds,1986.0,0.0,0.0,0.0,0.0,
ds,1987.0,0.0,0.0,0.0,0.0,
ds,1988.0,0.0,0.0,90.0,0.0,
ds,1989.0,0.0,0.0,0.0,0.0,
ds,1990.0,0.0,0.0,0.0,0.0,
ds,1991.0,0.0,0.0,0.0,0.0,
ds,1992.0,0.0,0.0,0.0,0.0,
ds,1993.0,0.0,0.0,0.0,0.0,
ds,1994.0,0.0,0.0,0.0,0.0,
ds,1995.0,0.0,0.0,0.0,0.0,
ds,1996.0,0.0,0.0,0.0,0.0,
ds,1997.0,0.0,0.0,0.0,0.0,
ds,1998.0,0.0,0.0,0.0,0.0,
ds,1999.0,0.0,0.0,0.0,0.0,
ds,2000.0,0.0,0.0,0.0,0.0,
ds,2001.0,0.0,0.0,70.0,0.0,
ds,2002.0,0.0,0.0,0.0,0.0,
ds,2003.0,0.0,0.0,0.0,0.0,
ds,2004.0,8330.0,3930.0,3650.0,1360.0,
ds,2005.0,47990.0,41490.0,29880.0,10800.0,
ds,2006.0,50070.0,23070.0,38760.0,8170.0,
ds,2007.0,75600.0,33800.0,26830.0,11120.0,
ds,2008.0,78680.0,32360.0,24110.0,10990.0,
ds,2009.0,60980.0,25850.0,24210.0,8550.0,
ds,2010.0,41090.0,18840.0,19880.0,5560.0,
ds,2011.0,14740.0,5970.0,4320.0,1960.0,
ds,2012.0,4020.0,2680.0,3720.0,590.0,
ds,2013.0,570.0,850.0,0.0,120.0,
ds,2014.0,210.0,50.0,30.0,30.0,
ds,2015.0,0.0,0.0,0.0,0.0,
ds,2016.0,0.0,0.0,0.0,0.0,
ds,2017.0,0.0,0.0,0.0,0.0,
ds,2019.0,0.0,0.0,0.0,0.0,
ds,2021.0,10.0,0.0,0.0,0.0,
ds,2022.0,0.0,0.0,0.0,0.0,
ds,2023.0,0.0,0.0,0.0,0.0,
gb,1977.0,0.0,0.0,0.0,0.0,
gb,1978.0,0.0,0.0,0.0,0.0,
gb,1979.0,0.0,0.0,0.0,0.0,
gb,1980.0,0.0,0.0,0.0,0.0,
gb,1981.0,0.0,0.0,0.0,0.0,
gb,1982.0,0.0,0.0,0.0,0.0,
gb,1983.0,0.0,0.0,0.0,0.0,
gb,1984.0,0.0,0.0,0.0,0.0,
gb,1985.0,0.0,0.0,0.0,0.0,
gb,1986.0,0.0,0.0,0.0,0.0,
gb,1987.0,0.0,0.0,0.0,0.0,
gb,1988.0,820.0,230.0,350.0,30.0,
gb,1989.0,39810.0,7600.0,16160.0,1400.0,
gb,1990.0,2240.0,890.0,1330.0,430.0,
gb,1991.0,1430.0,680.0,3380.0,80.0,
gb,1992.0,13100.0,4240.0,7510.0,640.0,
gb,1993.0,0.0,0.0,0.0,0.0,
gb,1994.0,6030.0,2360.0,3190.0,600.0,
gb,1995.0,690.0,140.0,2720.0,50.0,
gb,1996.0,12660.0,9370.0,12910.0,1090.0,
gb,1997.0,2770.0,1210.0,3260.0,160.0,
gb,1998.0,9440.0,7000.0,9550.0,910.0,
gb,1999.0,16210.0,8910.0,11750.0,1130.0,
gb,2000.0,6390.0,3520.0,8360.0,1490.0,
gb,2001.0,2730.0,1670.0,4650.0,190.0,
gb,2002.0,0.0,0.0,0.0,0.0,
gb,2003.0,0.0,0.0,0.0,0.0,
gb,2004.0,0.0,0.0,0.0,0.0,
gb,2005.0,0.0,0.0,0.0,0.0,
gb,2006.0,0.0,0.0,0.0,0.0,
gb,2007.0,0.0,0.0,0.0,0.0,
gb,2008.0,0.0,0.0,0.0,0.0,
gb,2009.0,0.0,0.0,0.0,0.0,
gb,2010.0,0.0,0.0,0.0,0.0,
gb,2011.0,0.0,0.0,0.0,0.0,
gb,2012.0,0.0,0.0,0.0,0.0,
gb,2013.0,0.0,0.0,0.0,0.0,
gb,2014.0,0.0,0.0,0.0,0.0,
gb,2015.0,0.0,0.0,0.0,0.0,
gb,2016.0,0.0,0.0,0.0,0.0,
gb,2017.0,0.0,0.0,0.0,0.0,
gb,2019.0,0.0,0.0,0.0,0.0,
gb,2021.0,0.0,0.0,0.0,0.0,
gb,2022.0,0.0,0.0,0.0,0.0,
gb,2023.0,0.0,0.0,0.0,0.0,
gba,1977.0,0.0,0.0,0.0,0.0,
gba,1978.0,0.0,0.0,0.0,0.0,
gba,1979.0,0.0,0.0,0.0,0.0,
gba,1980.0,0.0,0.0,0.0,0.0,
gba,1981.0,0.0,0.0,0.0,0.0,
gba,1982.0,0.0,0.0,0.0,0.0,
gba,1983.0,0.0,0.0,0.0,0.0,
gba,1984.0,0.0,0.0,0.0,0.0,
gba,1985.0,0.0,0.0,0.0,0.0,
gba,1986.0,0.0,0.0,0.0,0.0,
gba,1987.0,0.0,0.0,0.0,0.0,
gba,1988.0,0.0,0.0,0.0,0.0,
gba,1989.0,0.0,0.0,0.0,0.0,
gba,1990.0,0.0,0.0,0.0,0.0,
gba,1991.0,0.0,0.0,0.0,0.0,
gba,1992.0,0.0,0.0,0.0,0.0,
gba,1993.0,0.0,0.0,0.0,0.0,
gba,1994.0,0.0,0.0,0.0,0.0,
gba,1995.0,0.0,0.0,0.0,0.0,
gba,1996.0,0.0,0.0,0.0,0.0,
gba,1997.0,60.0,20.0,0.0,0.0,
gba,1998.0,0.0,0.0,0.0,0.0,
gba,1999.0,0.0,0.0,0.0,0.0,
gba,2000.0,50.0,20.0,0.0,0.0,
gba,2001.0,38650.0,16200.0,7460.0,1990.0,
gba,2002.0,43020.0,17120.0,12210.0,1810.0,
gba,2003.0,33530.0,13190.0,8590.0,1360.0,
gba,2004.0,44610.0,18220.0,14290.0,1840.0,
gba,2005.0,22450.0,8590.0,3270.0,590.0,
gba,2006.0,2700.0,980.0,1510.0,90.0,
gba,2007.0,2450.0,900.0,0.0,50.0,
gba,2008.0,0.0,0.0,0.0,0.0,
gba,2009.0,0.0,0.0,0.0,0.0,
gba,2010.0,0.0,0.0,0.0,0.0,
gba,2011.0,0.0,0.0,0.0,0.0,
gba,2012.0,0.0,0.0,0.0,0.0,
gba,2013.0,20.0,10.0,0.0,0.0,
gba,2014.0,0.0,0.0,0.0,0.0,
gba,2015.0,0.0,0.0,0.0,0.0,
gba,2016.0,0.0,0.0,0.0,0.0,
gba,2017.0,0.0,0.0,0.0,0.0,
gba,2019.0,0.0,0.0,0.0,0.0,
gba,2021.0,0.0,0.0,0.0,0.0,
gba,2022.0,0.0,0.0,0.0,0.0,
gba,2023.0,0.0,0.0,0.0,0.0,
gc,1977.0,0.0,0.0,0.0,0.0,
gc,1978.0,0.0,0.0,0.0,0.0,
gc,1979.0,0.0,0.0,0.0,0.0,
gc,1980.0,0.0,0.0,0.0,0.0,
gc,1981.0,210.0,60.0,0.0,10.0,
gc,1982.0,0.0,0.0,0.0,0.0,
gc,1983.0,0.0,0.0,0.0,0.0,
gc,1984.0,0.0,0.0,0.0,0.0,
gc,1985.0,0.0,0.0,0.0,0.0,
gc,1986.0,0.0,0.0,0.0,0.0,
gc,1987.0,0.0,0.0,0.0,0.0,
gc,1988.0,0.0,0.0,0.0,0.0,
gc,1989.0,0.0,0.0,0.0,0.0,
gc,1990.0,0.0,0.0,0.0,0.0,
gc,1991.0,0.0,0.0,0.0,0.0,
gc,1992.0,0.0,0.0,0.0,0.0,
gc,1993.0,0.0,0.0,0.0,0.0,
gc,1994.0,0.0,0.0,0.0,0.0,
gc,1995.0,0.0,0.0,0.0,0.0,
gc,1996.0,0.0,0.0,0.0,0.0,
gc,1997.0,0.0,0.0,0.0,0.0,
gc,1998.0,0.0,0.0,0.0,0.0,
gc,1999.0,0.0,0.0,0.0,0.0,
gc,2000.0,60.0,10.0,0.0,0.0,
gc,2001.0,16910.0,4800.0,3960.0,780.0,
gc,2002.0,35030.0,10570.0,5280.0,1340.0,
gc,2003.0,33100.0,10350.0,6560.0,1320.0,
gc,2004.0,19720.0,5330.0,3000.0,780.0,
gc,2005.0,19470.0,5190.0,2570.0,680.0,
gc,2006.0,8730.0,2340.0,210.0,270.0,
gc,2007.0,210.0,60.0,0.0,0.0,
gc,2008.0,0.0,0.0,0.0,0.0,
gc,2009.0,0.0,0.0,0.0,0.0,
gc,2010.0,0.0,0.0,0.0,0.0,
gc,2011.0,0.0,0.0,0.0,0.0,
gc,2012.0,0.0,0.0,0.0,0.0,
gc,2013.0,20.0,0.0,0.0,0.0,
gc,2014.0,0.0,0.0,0.0,0.0,
gc,2015.0,0.0,0.0,0.0,0.0,
gc,2016.0,0.0,0.0,0.0,0.0,
gc,2017.0,0.0,0.0,0.0,0.0,
gc,2019.0,0.0,0.0,0.0,0.0,
gc,2021.0,0.0,0.0,0.0,0.0,
gc,2022.0,0.0,0.0,0.0,0.0,
gc,2023.0,0.0,0.0,0.0,0.0,
gen,1977.0,0.0,0.0,0.0,0.0,
gen,1978.0,0.0,0.0,0.0,0.0,
gen,1979.0,0.0,0.0,0.0,0.0,
gen,1980.0,0.0,0.0,0.0,0.0,
gen,1981.0,0.0,0.0,0.0,0.0,
gen,1982.0,0.0,0.0,0.0,0.0,
gen,1983.0,0.0,0.0,0.0,0.0,
gen,1984.0,0.0,0.0,0.0,0.0,
gen,1985.0,0.0,0.0,0.0,0.0,
gen,1986.0,0.0,0.0,0.0,0.0,
gen,1987.0,0.0,0.0,0.0,0.0,
gen,1988.0,0.0,0.0,0.0,0.0,
gen,1989.0,0.0,0.0,0.0,0.0,
gen,1990.0,1860.0,550.0,110.0,80.0,
gen,1991.0,3030.0,910.0,260.0,130.0,
gen,1992.0,9170.0,2380.0,720.0,370.0,
gen,1993.0,1780.0,530.0,680.0,80.0,
gen,1994.0,5210.0,1680.0,930.0,310.0,
gen,1995.0,0.0,0.0,0.0,0.0,
gen,1996.0,0.0,0.0,0.0,0.0,
gen,1997.0,0.0,0.0,0.0,0.0,
gen,1998.0,0.0,0.0,0.0,0.0,
gen,1999.0,0.0,0.0,0.0,0.0,
gen,2000.0,0.0,0.0,0.0,0.0,
gen,2001.0,0.0,0.0,0.0,0.0,
gen,2002.0,0.0,0.0,0.0,0.0,
gen,2003.0,0.0,0.0,0.0,0.0,
gen,2004.0,0.0,0.0,0.0,0.0,
gen,2005.0,0.0,0.0,0.0,0.0,
gen,2006.0,0.0,0.0,0.0,0.0,
gen,2007.0,0.0,0.0,0.0,0.0,
gen,2008.0,0.0,0.0,0.0,0.0,
gen,2009.0,0.0,0.0,0.0,0.0,
gen,2010.0,0.0,0.0,0.0,0.0,
gen,2011.0,0.0,0.0,0.0,0.0,
gen,2012.0,0.0,0.0,0.0,0.0,
gen,2013.0,0.0,0.0,0.0,0.0,
gen,2014.0,0.0,0.0,0.0,0.0,
gen,2015.0,0.0,0.0,0.0,0.0,
gen,2016.0,0.0,0.0,0.0,0.0,
gen,2017.0,0.0,0.0,0.0,0.0,
gen,2019.0,0.0,0.0,0.0,0.0,
gen,2021.0,0.0,0.0,0.0,0.0,
gen,2022.0,0.0,0.0,0.0,0.0,
gen,2023.0,0.0,0.0,0.0,0.0,
gg,1977.0,0.0,0.0,0.0,0.0,
gg,1978.0,0.0,0.0,0.0,0.0,
gg,1979.0,0.0,0.0,0.0,0.0,
gg,1980.0,0.0,0.0,0.0,0.0,
gg,1981.0,0.0,0.0,0.0,0.0,
gg,1982.0,0.0,0.0,0.0,0.0,
gg,1983.0,0.0,0.0,0.0,0.0,
gg,1984.0,0.0,0.0,0.0,0.0,
gg,1985.0,0.0,0.0,0.0,0.0,
gg,1986.0,0.0,0.0,0.0,0.0,
gg,1987.0,0.0,0.0,0.0,0.0,
gg,1988.0,0.0,0.0,0.0,0.0,
gg,1989.0,0.0,0.0,0.0,0.0,
gg,1990.0,0.0,0.0,0.0,0.0,
gg,1991.0,0.0,0.0,0.0,0.0,
gg,1992.0,0.0,0.0,40.0,0.0,
gg,1993.0,0.0,0.0,0.0,0.0,
gg,1994.0,0.0,0.0,0.0,0.0,
gg,1995.0,0.0,0.0,0.0,0.0,
gg,1996.0,0.0,0.0,0.0,0.0,
gg,1997.0,0.0,0.0,0.0,0.0,
gg,1998.0,0.0,0.0,0.0,0.0,
gg,1999.0,0.0,0.0,0.0,0.0,
gg,2000.0,0.0,0.0,0.0,0.0,
gg,2001.0,0.0,0.0,0.0,0.0,
gg,2002.0,0.0,0.0,0.0,0.0,
gg,2003.0,0.0,0.0,0.0,0.0,
gg,2004.0,0.0,0.0,0.0,0.0,
gg,2005.0,0.0,0.0,0.0,0.0,
gg,2006.0,0.0,0.0,0.0,0.0,
gg,2007.0,0.0,0.0,0.0,0.0,
gg,2008.0,0.0,0.0,0.0,0.0,
gg,2009.0,0.0,0.0,0.0,0.0,
gg,2010.0,0.0,0.0,0.0,0.0,
gg,2011.0,0.0,0.0,0.0,0.0,
gg,2012.0,0.0,0.0,0.0,0.0,
gg,2013.0,0.0,0.0,0.0,0.0,
gg,2014.0,0.0,0.0,0.0,0.0,
gg,2015.0,0.0,0.0,0.0,0.0,
gg,2016.0,0.0,0.0,0.0,0.0,
gg,2017.0,0.0,0.0,0.0,0.0,
gg,2019.0,0.0,0.0,0.0,0.0,
gg,2021.0,0.0,0.0,0.0,0.0,
gg,2022.0,0.0,0.0,0.0,0.0,
gg,2023.0,0.0,0.0,0.0,0.0,
n64,1977.0,0.0,0.0,0.0,0.0,
n64,1978.0,0.0,0.0,0.0,0.0,
n64,1979.0,0.0,0.0,0.0,0.0,
n64,1980.0,0.0,0.0,0.0,0.0,
n64,1981.0,0.0,0.0,0.0,0.0,
n64,1982.0,0.0,0.0,0.0,0.0,
n64,1983.0,0.0,0.0,0.0,0.0,
n64,1984.0,0.0,0.0,0.0,0.0,
n64,1985.0,0.0,0.0,0.0,0.0,
n64,1986.0,0.0,0.0,0.0,0.0,
n64,1987.0,0.0,0.0,0.0,0.0,
n64,1988.0,0.0,0.0,0.0,0.0,
n64,1989.0,0.0,0.0,0.0,0.0,
n64,1990.0,0.0,0.0,0.0,0.0,
n64,1991.0,0.0,0.0,0.0,0.0,
n64,1992.0,0.0,0.0,0.0,0.0,
n64,1993.0,0.0,0.0,0.0,0.0,
n64,1994.0,0.0,0.0,0.0,0.0,
n64,1995.0,0.0,0.0,0.0,0.0,
n64,1996.0,21030.0,6720.0,5770.0,580.0,
n64,1997.0,25840.0,8090.0,4830.0,940.0,
n64,1998.0,31390.0,10350.0,6540.0,960.0,
n64,1999.0,38770.0,9740.0,8830.0,860.0,
n64,2000.0,19850.0,5620.0,7720.0,920.0,
n64,2001.0,2080.0,520.0,530.0,120.0,
n64,2002.0,60.0,20.0,0.0,0.0,
n64,2003.0,0.0,0.0,0.0,0.0,
n64,2004.0,0.0,0.0,0.0,0.0,
n64,2005.0,0.0,0.0,0.0,0.0,
n64,2006.0,0.0,0.0,0.0,0.0,
n64,2007.0,0.0,0.0,0.0,0.0,
n64,2008.0,0.0,0.0,0.0,0.0,
n64,2009.0,0.0,0.0,0.0,0.0,
n64,2010.0,0.0,0.0,0.0,0.0,
n64,2011.0,0.0,0.0,0.0,0.0,
n64,2012.0,0.0,0.0,0.0,0.0,
n64,2013.0,0.0,0.0,0.0,0.0,
n64,2014.0,0.0,0.0,0.0,0.0,
n64,2015.0,0.0,0.0,0.0,0.0,
n64,2016.0,0.0,0.0,0.0,0.0,
n64,2017.0,0.0,0.0,0.0,0.0,
n64,2019.0,0.0,0.0,0.0,0.0,
n64,2021.0,0.0,0.0,0.0,0.0,
n64,2022.0,0.0,0.0,0.0,0.0,
n64,2023.0,0.0,0.0,0.0,0.0,
nes,1977.0,0.0,0.0,0.0,0.0,
nes,1978.0,0.0,0.0,0.0,0.0,
nes,1979.0,0.0,0.0,0.0,0.0,
nes,1980.0,0.0,0.0,0.0,0.0,
nes,1981.0,0.0,0.0,0.0,0.0,
nes,1982.0,0.0,0.0,0.0,0.0,
nes,1983.0,2320.0,460.0,8100.0,80.0,
nes,1984.0,33020.0,2090.0,14270.0,700.0,
nes,1985.0,33310.0,4680.0,14540.0,910.0,
nes,1986.0,11870.0,2800.0,19810.0,1930.0,
nes,1987.0,6620.0,1320.0,11630.0,190.0,
nes,1988.0,22360.0,6300.0,15410.0,940.0,
nes,1989.0,4750.0,810.0,2200.0,90.0,
nes,1990.0,6080.0,1590.0,7840.0,220.0,
nes,1991.0,2830.0,520.0,2600.0,160.0,
nes,1992.0,840.0,140.0,970.0,30.0,
nes,1993.0,1940.0,440.0,1170.0,60.0,
nes,1994.0,0.0,0.0,110.0,0.0,
nes,1995.0,0.0,0.0,0.0,0.0,
nes,1996.0,0.0,0.0,0.0,0.0,
nes,1997.0,0.0,0.0,0.0,0.0,
nes,1998.0,0.0,0.0,0.0,0.0,
nes,1999.0,0.0,0.0,0.0,0.0,
nes,2000.0,0.0,0.0,0.0,0.0,
nes,2001.0,0.0,0.0,0.0,0.0,
nes,2002.0,0.0,0.0,0.0,0.0,
nes,2003.0,0.0,0.0,0.0,0.0,
nes,2004.0,0.0,0.0,0.0,0.0,
nes,2005.0,0.0,0.0,0.0,0.0,
nes,2006.0,0.0,0.0,0.0,0.0,
nes,2007.0,0.0,0.0,0.0,0.0,
nes,2008.0,0.0,0.0,0.0,0.0,
nes,2009.0,0.0,0.0,0.0,0.0,
nes,2010.0,0.0,0.0,0.0,0.0,
nes,2011.0,0.0,0.0,0.0,0.0,
nes,2012.0,0.0,0.0,0.0,0.0,
nes,2013.0,0.0,0.0,0.0,0.0,
nes,2014.0,0.0,0.0,0.0,0.0,
nes,2015.0,0.0,0.0,0.0,0.0,
nes,2016.0,0.0,0.0,0.0,0.0,
nes,2017.0,0.0,0.0,0.0,0.0,
nes,2019.0,0.0,0.0,0.0,0.0,
nes,2021.0,0.0,0.0,0.0,0.0,
nes,2022.0,0.0,0.0,0.0,0.0,
nes,2023.0,0.0,0.0,0.0,0.0,
ng,1977.0,0.0,0.0,0.0,0.0,
ng,1978.0,0.0,0.0,0.0,0.0,
ng,1979.0,0.0,0.0,0.0,0.0,
ng,1980.0,0.0,0.0,0.0,0.0,
ng,1981.0,0.0,0.0,0.0,0.0,
ng,1982.0,0.0,0.0,0.0,0.0,
ng,1983.0,0.0,0.0,0.0,0.0,
ng,1984.0,0.0,0.0,0.0,0.0,
ng,1985.0,0.0,0.0,0.0,0.0,
ng,1986.0,0.0,0.0,0.0,0.0,
ng,1987.0,0.0,0.0,0.0,0.0,
ng,1988.0,0.0,0.0,0.0,0.0,
ng,1989.0,0.0,0.0,0.0,0.0,
ng,1990.0,0.0,0.0,0.0,0.0,
ng,1991.0,0.0,0.0,0.0,0.0,
ng,1992.0,0.0,0.0,0.0,0.0,
ng,1993.0,0.0,0.0,210.0,0.0,
ng,1994.0,0.0,0.0,800.0,0.0,
ng,1995.0,0.0,0.0,330.0,0.0,
ng,1996.0,0.0,0.0,100.0,0.0,
ng,1997.0,0.0,0.0,0.0,0.0,
ng,1998.0,0.0,0.0,0.0,0.0,
ng,1999.0,0.0,0.0,0.0,0.0,
ng,2000.0,0.0,0.0,0.0,0.0,
ng,2001.0,0.0,0.0,0.0,0.0,
ng,2002.0,0.0,0.0,0.0,0.0,
ng,2003.0,0.0,0.0,0.0,0.0,
ng,2004.0,0.0,0.0,0.0,0.0,
ng,2005.0,0.0,0.0,0.0,0.0,
ng,2006.0,0.0,0.0,0.0,0.0,
ng,2007.0,0.0,0.0,0.0,0.0,
ng,2008.0,0.0,0.0,0.0,0.0,
ng,2009.0,0.0,0.0,0.0,0.0,
ng,2010.0,0.0,0.0,0.0,0.0,
ng,2011.0,0.0,0.0,0.0,0.0,
ng,2012.0,0.0,0.0,0.0,0.0,
ng,2013.0,0.0,0.0,0.0,0.0,
ng,2014.0,0.0,0.0,0.0,0.0,
ng,2015.0,0.0,0.0,0.0,0.0,
ng,2016.0,0.0,0.0,0.0,0.0,
ng,2017.0,0.0,0.0,0.0,0.0,
ng,2019.0,0.0,0.0,0.0,0.0,
ng,2021.0,0.0,0.0,0.0,0.0,
ng,2022.0,0.0,0.0,0.0,0.0,
ng,2023.0,0.0,0.0,0.0,0.0,
pc,1977.0,0.0,0.0,0.0,0.0,
pc,1978.0,0.0,0.0,0.0,0.0,
pc,1979.0,0.0,0.0,0.0,0.0,
pc,1980.0,0.0,0.0,0.0,0.0,
pc,1981.0,0.0,0.0,0.0,0.0,
pc,1982.0,0.0,0.0,0.0,0.0,
pc,1983.0,0.0,0.0,0.0,0.0,
pc,1984.0,0.0,0.0,0.0,0.0,
pc,1985.0,0.0,30.0,0.0,10.0,
pc,1986.0,0.0,0.0,0.0,0.0,
pc,1987.0,0.0,0.0,0.0,0.0,
pc,1988.0,0.0,40.0,0.0,10.0,
pc,1989.0,0.0,0.0,0.0,0.0,
pc,1990.0,0.0,0.0,0.0,0.0,
pc,1991.0,0.0,0.0,0.0,0.0,
pc,1992.0,1260.0,1660.0,0.0,110.0,
pc,1993.0,0.0,0.0,0.0,0.0,
pc,1994.0,5560.0,6850.0,0.0,460.0,
pc,1995.0,1720.0,2270.0,0.0,230.0,
pc,1996.0,5560.0,4680.0,0.0,340.0,
pc,1997.0,8760.0,2190.0,90.0,230.0,
pc,1998.0,3050.0,200.0,0.0,10.0,
pc,1999.0,3520.0,1160.0,0.0,120.0,
pc,2000.0,3030.0,1450.0,0.0,180.0,
pc,2001.0,4080.0,1240.0,0.0,150.0,
pc,2002.0,5030.0,3180.0,0.0,360.0,
pc,2003.0,3410.0,4920.0,0.0,510.0,
pc,2004.0,2540.0,7540.0,80.0,230.0,
pc,2005.0,1390.0,2690.0,0.0,290.0,
pc,2006.0,610.0,1940.0,0.0,300.0,
pc,2007.0,2770.0,6210.0,0.0,300.0,
pc,2008.0,650.0,9930.0,0.0,2020.0,
pc,2009.0,1420.0,13500.0,0.0,1990.0,
pc,2010.0,9790.0,13130.0,0.0,3240.0,
pc,2011.0,10860.0,19190.0,0.0,5390.0,
pc,2012.0,8270.0,12520.0,0.0,2860.0,
pc,2013.0,3960.0,7870.0,0.0,1180.0,
pc,2014.0,3510.0,8870.0,0.0,900.0,
pc,2015.0,2360.0,5570.0,0.0,590.0,
pc,2016.0,1360.0,3530.0,0.0,360.0,
pc,2017.0,0.0,0.0,0.0,0.0,
pc,2019.0,0.0,0.0,0.0,0.0,
pc,2021.0,0.0,0.0,0.0,0.0,
pc,2022.0,60.0,80.0,0.0,10.0,
pc,2023.0,0.0,0.0,0.0,0.0,
pcfx,1977.0,0.0,0.0,0.0,0.0,
pcfx,1978.0,0.0,0.0,0.0,0.0,
pcfx,1979.0,0.0,0.0,0.0,0.0,
pcfx,1980.0,0.0,0.0,0.0,0.0,
pcfx,1981.0,0.0,0.0,0.0,0.0,
pcfx,1982.0,0.0,0.0,0.0,0.0,
pcfx,1983.0,0.0,0.0,0.0,0.0,
pcfx,1984.0,0.0,0.0,0.0,0.0,
pcfx,1985.0,0.0,0.0,0.0,0.0,
pcfx,1986.0,0.0,0.0,0.0,0.0,
pcfx,1987.0,0.0,0.0,0.0,0.0,
pcfx,1988.0,0.0,0.0,0.0,0.0,
pcfx,1989.0,0.0,0.0,0.0,0.0,
pcfx,1990.0,0.0,0.0,0.0,0.0,
pcfx,1991.0,0.0,0.0,0.0,0.0,
pcfx,1992.0,0.0,0.0,0.0,0.0,
pcfx,1993.0,0.0,0.0,0.0,0.0,
pcfx,1994.0,0.0,0.0,0.0,0.0,
pcfx,1995.0,0.0,0.0,0.0,0.0,
pcfx,1996.0,0.0,0.0,30.0,0.0,
pcfx,1997.0,0.0,0.0,0.0,0.0,
pcfx,1998.0,0.0,0.0,0.0,0.0,
pcfx,1999.0,0.0,0.0,0.0,0.0,
pcfx,2000.0,0.0,0.0,0.0,0.0,
pcfx,2001.0,0.0,0.0,0.0,0.0,
pcfx,2002.0,0.0,0.0,0.0,0.0,
pcfx,2003.0,0.0,0.0,0.0,0.0,
pcfx,2004.0,0.0,0.0,0.0,0.0,
pcfx,2005.0,0.0,0.0,0.0,0.0,
pcfx,2006.0,0.0,0.0,0.0,0.0,
pcfx,2007.0,0.0,0.0,0.0,0.0,
pcfx,2008.0,0.0,0.0,0.0,0.0,
pcfx,2009.0,0.0,0.0,0.0,0.0,
pcfx,2010.0,0.0,0.0,0.0,0.0,
pcfx,2011.0,0.0,0.0,0.0,0.0,
pcfx,2012.0,0.0,0.0,0.0,0.0,
pcfx,2013.0,0.0,0.0,0.0,0.0,
pcfx,2014.0,0.0,0.0,0.0,0.0,
pcfx,2015.0,0.0,0.0,0.0,0.0,
pcfx,2016.0,0.0,0.0,0.0,0.0,
pcfx,2017.0,0.0,0.0,0.0,0.0,
pcfx,2019.0,0.0,0.0,0.0,0.0,
pcfx,2021.0,0.0,0.0,0.0,0.0,
pcfx,2022.0,0.0,0.0,0.0,0.0,
pcfx,2023.0,0.0,0.0,0.0,0.0,
ps,1977.0,0.0,0.0,0.0,0.0,
ps,1978.0,0.0,0.0,0.0,0.0,
ps,1979.0,0.0,0.0,0.0,0.0,
ps,1980.0,0.0,0.0,0.0,0.0,
ps,1981.0,0.0,0.0,0.0,0.0,
ps,1982.0,0.0,0.0,0.0,0.0,
ps,1983.0,0.0,0.0,0.0,0.0,
ps,1984.0,0.0,0.0,0.0,0.0,
ps,1985.0,0.0,0.0,0.0,0.0,
ps,1986.0,0.0,0.0,0.0,0.0,
ps,1987.0,0.0,0.0,0.0,0.0,
ps,1988.0,0.0,0.0,0.0,0.0,
ps,1989.0,0.0,0.0,0.0,0.0,
ps,1990.0,0.0,0.0,0.0,0.0,
ps,1991.0,0.0,0.0,0.0,0.0,
ps,1992.0,0.0,0.0,0.0,0.0,
ps,1993.0,0.0,0.0,0.0,0.0,
ps,1994.0,1760.0,1200.0,2670.0,400.0,
ps,1995.0,14610.0,9850.0,9540.0,1960.0,
ps,1996.0,45420.0,25920.0,17820.0,5540.0,
ps,1997.0,58060.0,37140.0,33100.0,7870.0,
ps,1998.0,84030.0,49290.0,28520.0,9150.0,
ps,1999.0,66520.0,43000.0,28070.0,7990.0,
ps,2000.0,46110.0,30660.0,14600.0,5300.0,
ps,2001.0,16030.0,13850.0,3860.0,2190.0,
ps,2002.0,2780.0,1890.0,1640.0,360.0,
ps,2003.0,1150.0,780.0,0.0,140.0,
ps,2004.0,0.0,0.0,0.0,0.0,
ps,2005.0,0.0,0.0,0.0,0.0,
ps,2006.0,0.0,0.0,0.0,0.0,
ps,2007.0,0.0,0.0,0.0,0.0,
ps,2008.0,0.0,0.0,0.0,0.0,
ps,2009.0,0.0,0.0,0.0,0.0,
ps,2010.0,0.0,0.0,0.0,0.0,
ps,2011.0,0.0,0.0,0.0,0.0,
ps,2012.0,0.0,0.0,0.0,0.0,
ps,2013.0,0.0,0.0,0.0,0.0,
ps,2014.0,0.0,0.0,0.0,0.0,
ps,2015.0,0.0,0.0,0.0,0.0,
ps,2016.0,0.0,0.0,0.0,0.0,
ps,2017.0,0.0,0.0,0.0,0.0,
ps,2019.0,0.0,0.0,0.0,0.0,
ps,2021.0,0.0,0.0,0.0,0.0,
ps,2022.0,0.0,0.0,0.0,0.0,
ps,2023.0,50.0,30.0,0.0,10.0,
ps2,1977.0,0.0,0.0,0.0,0.0,
ps2,1978.0,0.0,0.0,0.0,0.0,
ps2,1979.0,0.0,0.0,0.0,0.0,
ps2,1980.0,0.0,0.0,0.0,0.0,
ps2,1981.0,0.0,0.0,0.0,0.0,
ps2,1982.0,0.0,0.0,0.0,0.0,
ps2,1983.0,0.0,0.0,0.0,0.0,
ps2,1984.0,0.0,0.0,0.0,0.0,
ps2,1985.0,0.0,0.0,0.0,0.0,
ps2,1986.0,0.0,0.0,0.0,0.0,
ps2,1987.0,0.0,0.0,0.0,0.0,
ps2,1988.0,0.0,0.0,0.0,0.0,
ps2,1989.0,0.0,0.0,0.0,0.0,
ps2,1990.0,100.0,80.0,0.0,30.0,
ps2,1991.0,0.0,0.0,0.0,0.0,
ps2,1992.0,0.0,0.0,0.0,0.0,
ps2,1993.0,0.0,0.0,0.0,0.0,
ps2,1994.0,0.0,0.0,0.0,0.0,
ps2,1995.0,0.0,0.0,0.0,0.0,
ps2,1996.0,0.0,0.0,0.0,0.0,
ps2,1997.0,0.0,0.0,0.0,0.0,
ps2,1998.0,0.0,0.0,0.0,0.0,
ps2,1999.0,0.0,0.0,120.0,0.0,
ps2,2000.0,16080.0,10640.0,8870.0,3580.0,
ps2,2001.0,79680.0,52520.0,17790.0,16830.0,
ps2,2002.0,99000.0,67200.0,22550.0,22370.0,
ps2,2003.0,88860.0,64180.0,18930.0,22030.0,
ps2,2004.0,96980.0,56170.0,19800.0,39900.0,
ps2,2005.0,87290.0,41980.0,15170.0,19590.0,
ps2,2006.0,50060.0,21710.0,17680.0,14270.0,
ps2,2007.0,32140.0,10490.0,9820.0,23710.0,
ps2,2008.0,21940.0,7690.0,5730.0,19660.0,
ps2,2009.0,9360.0,4940.0,1940.0,10160.0,
ps2,2010.0,2190.0,1540.0,710.0,1200.0,
ps2,2011.0,130.0,130.0,90.0,100.0,
ps2,2012.0,0.0,0.0,0.0,0.0,
ps2,2013.0,30.0,20.0,0.0,10.0,
ps2,2014.0,0.0,0.0,0.0,0.0,
ps2,2015.0,0.0,0.0,0.0,0.0,
ps2,2016.0,0.0,0.0,0.0,0.0,
ps2,2017.0,0.0,0.0,0.0,0.0,
ps2,2019.0,0.0,0.0,0.0,0.0,
ps2,2021.0,0.0,0.0,0.0,0.0,
ps2,2022.0,0.0,0.0,0.0,0.0,
ps2,2023.0,0.0,0.0,0.0,0.0,
ps3,1977.0,0.0,0.0,0.0,0.0,
ps3,1978.0,0.0,0.0,0.0,0.0,
ps3,1979.0,0.0,0.0,0.0,0.0,
ps3,1980.0,0.0,0.0,0.0,0.0,
ps3,1981.0,0.0,0.0,0.0,0.0,
ps3,1982.0,0.0,0.0,0.0,0.0,
ps3,1983.0,0.0,0.0,0.0,0.0,
ps3,1984.0,0.0,0.0,0.0,0.0,
ps3,1985.0,0.0,0.0,0.0,0.0,
ps3,1986.0,0.0,0.0,0.0,0.0,
ps3,1987.0,0.0,0.0,0.0,0.0,
ps3,1988.0,0.0,0.0,0.0,0.0,
ps3,1989.0,0.0,0.0,0.0,0.0,
ps3,1990.0,0.0,0.0,0.0,0.0,
ps3,1991.0,0.0,0.0,0.0,0.0,
ps3,1992.0,0.0,0.0,0.0,0.0,
ps3,1993.0,0.0,0.0,0.0,0.0,
ps3,1994.0,0.0,0.0,0.0,0.0,
ps3,1995.0,0.0,0.0,0.0,0.0,
ps3,1996.0,0.0,0.0,0.0,0.0,
ps3,1997.0,0.0,0.0,0.0,0.0,
ps3,1998.0,0.0,0.0,0.0,0.0,
ps3,1999.0,0.0,0.0,0.0,0.0,
ps3,2000.0,0.0,0.0,0.0,0.0,
ps3,2001.0,0.0,0.0,0.0,0.0,
ps3,2002.0,0.0,0.0,0.0,0.0,
ps3,2003.0,0.0,0.0,0.0,0.0,
ps3,2004.0,0.0,0.0,0.0,0.0,
ps3,2005.0,0.0,0.0,0.0,0.0,
ps3,2006.0,8840.0,7860.0,1080.0,3660.0,
ps3,2007.0,32160.0,26130.0,4250.0,10720.0,
ps3,2008.0,57840.0,39010.0,5820.0,16880.0,
ps3,2009.0,62740.0,41400.0,9060.0,17860.0,
ps3,2010.0,61600.0,50990.0,10520.0,21010.0,
ps3,2011.0,66640.0,58010.0,14120.0,22240.0,
ps3,2012.0,39940.0,39050.0,11940.0,16500.0,
ps3,2013.0,41450.0,42270.0,12180.0,17400.0,
ps3,2014.0,16400.0,18240.0,6250.0,6880.0,
ps3,2015.0,5080.0,6040.0,3670.0,2130.0,
ps3,2016.0,670.0,1260.0,1300.0,370.0,
ps3,2017.0,130.0,30.0,0.0,30.0,
ps3,2019.0,0.0,0.0,0.0,0.0,
ps3,2021.0,0.0,0.0,0.0,0.0,
ps3,2022.0,0.0,0.0,0.0,0.0,
ps3,2023.0,0.0,0.0,0.0,0.0,
ps4,1977.0,0.0,0.0,0.0,0.0,
ps4,1978.0,0.0,0.0,0.0,0.0,
ps4,1979.0,0.0,0.0,0.0,0.0,
ps4,1980.0,0.0,0.0,0.0,0.0,
ps4,1981.0,0.0,0.0,0.0,0.0,
ps4,1982.0,0.0,0.0,0.0,0.0,
ps4,1983.0,0.0,0.0,0.0,0.0,
ps4,1984.0,0.0,0.0,0.0,0.0,
ps4,1985.0,0.0,0.0,0.0,0.0,
ps4,1986.0,0.0,0.0,0.0,0.0,
ps4,1987.0,0.0,0.0,0.0,0.0,
ps4,1988.0,0.0,0.0,0.0,0.0,
ps4,1989.0,0.0,0.0,0.0,0.0,
ps4,1990.0,0.0,0.0,0.0,0.0,
ps4,1991.0,0.0,0.0,0.0,0.0,
ps4,1992.0,0.0,0.0,0.0,0.0,
ps4,1993.0,0.0,0.0,0.0,0.0,
ps4,1994.0,0.0,0.0,0.0,0.0,
ps4,1995.0,0.0,0.0,0.0,0.0,
ps4,1996.0,0.0,0.0,0.0,0.0,
ps4,1997.0,0.0,0.0,0.0,0.0,
ps4,1998.0,0.0,0.0,0.0,0.0,
ps4,1999.0,0.0,0.0,0.0,0.0,
ps4,2000.0,0.0,0.0,0.0,0.0,
ps4,2001.0,0.0,0.0,0.0,0.0,
ps4,2002.0,0.0,0.0,0.0,0.0,
ps4,2003.0,0.0,0.0,0.0,0.0,
ps4,2004.0,0.0,0.0,0.0,0.0,
ps4,2005.0,0.0,0.0,0.0,0.0,
ps4,2006.0,0.0,0.0,0.0,0.0,
ps4,2007.0,0.0,0.0,0.0,0.0,
ps4,2008.0,0.0,0.0,0.0,0.0,
ps4,2009.0,0.0,0.0,0.0,0.0,
ps4,2010.0,0.0,0.0,0.0,0.0,
ps4,2011.0,0.0,0.0,0.0,0.0,
ps4,2012.0,0.0,0.0,0.0,0.0,
ps4,2013.0,10130.0,11050.0,940.0,3870.0,
ps4,2014.0,34750.0,46500.0,2970.0,15780.0,
ps4,2015.0,42370.0,51760.0,6310.0,18460.0,
ps4,2016.0,21490.0,31780.0,5740.0,10240.0,
ps4,2017.0,0.0,0.0,0.0,0.0,
ps4,2019.0,0.0,0.0,0.0,0.0,
ps4,2021.0,0.0,0.0,0.0,0.0,
ps4,2022.0,0.0,0.0,0.0,0.0,
ps4,2023.0,0.0,0.0,0.0,0.0,
psp,1977.0,0.0,0.0,0.0,0.0,
psp,1978.0,0.0,0.0,0.0,0.0,
psp,1979.0,0.0,0.0,0.0,0.0,
psp,1980.0,0.0,0.0,0.0,0.0,
psp,1981.0,0.0,0.0,0.0,0.0,
psp,1982.0,0.0,0.0,0.0,0.0,
psp,1983.0,0.0,0.0,0.0,0.0,
psp,1984.0,0.0,0.0,0.0,0.0,
psp,1985.0,0.0,0.0,0.0,0.0,
psp,1986.0,0.0,0.0,0.0,0.0,
psp,1987.0,0.0,0.0,0.0,0.0,
psp,1988.0,0.0,0.0,0.0,0.0,
psp,1989.0,0.0,0.0,0.0,0.0,
psp,1990.0,0.0,0.0,0.0,0.0,
psp,1991.0,0.0,0.0,120.0,0.0,
psp,1992.0,0.0,0.0,0.0,0.0,
psp,1993.0,0.0,0.0,0.0,0.0,
psp,1994.0,0.0,0.0,0.0,0.0,
psp,1995.0,40.0,330.0,260.0,170.0,
psp,1996.0,0.0,0.0,0.0,0.0,
psp,1997.0,0.0,0.0,0.0,0.0,
psp,1998.0,0.0,0.0,0.0,0.0,
psp,1999.0,0.0,0.0,0.0,0.0,
psp,2000.0,0.0,0.0,0.0,0.0,
psp,2001.0,0.0,0.0,0.0,0.0,
psp,2002.0,0.0,0.0,0.0,0.0,
psp,2003.0,0.0,0.0,30.0,0.0,
psp,2004.0,2250.0,1700.0,2030.0,1080.0,
psp,2005.0,24480.0,9710.0,3220.0,6430.0,
psp,2006.0,28940.0,13950.0,4390.0,9020.0,
psp,2007.0,18570.0,14240.0,5780.0,8710.0,
psp,2008.0,12460.0,8410.0,10070.0,5020.0,
psp,2009.0,12620.0,10650.0,8230.0,6320.0,
psp,2010.0,7560.0,5920.0,18160.0,3660.0,
psp,2011.0,2060.0,1350.0,13780.0,840.0,
psp,2012.0,130.0,250.0,7180.0,130.0,
psp,2013.0,0.0,170.0,2930.0,40.0,
psp,2014.0,0.0,0.0,240.0,0.0,
psp,2015.0,0.0,0.0,120.0,0.0,
psp,2016.0,0.0,0.0,0.0,0.0,
psp,2017.0,0.0,0.0,0.0,0.0,
psp,2019.0,0.0,0.0,0.0,0.0,
psp,2021.0,0.0,0.0,240.0,0.0,
psp,2022.0,0.0,0.0,0.0,0.0,
psp,2023.0,0.0,0.0,0.0,0.0,
psv,1977.0,0.0,0.0,0.0,0.0,
psv,1978.0,0.0,0.0,0.0,0.0,
psv,1979.0,0.0,0.0,0.0,0.0,
psv,1980.0,0.0,0.0,0.0,0.0,
psv,1981.0,0.0,0.0,0.0,0.0,
psv,1982.0,0.0,0.0,0.0,0.0,
psv,1983.0,0.0,0.0,0.0,0.0,
psv,1984.0,0.0,0.0,0.0,0.0,
psv,1985.0,0.0,0.0,0.0,0.0,
psv,1986.0,0.0,0.0,0.0,0.0,
psv,1987.0,0.0,0.0,0.0,0.0,
psv,1988.0,0.0,0.0,0.0,0.0,
psv,1989.0,0.0,0.0,0.0,0.0,
psv,1990.0,0.0,0.0,0.0,0.0,
psv,1991.0,0.0,0.0,0.0,0.0,
psv,1992.0,0.0,0.0,0.0,0.0,
psv,1993.0,0.0,0.0,0.0,0.0,
psv,1994.0,0.0,0.0,0.0,0.0,
psv,1995.0,0.0,0.0,0.0,0.0,
psv,1996.0,0.0,0.0,0.0,0.0,
psv,1997.0,0.0,0.0,0.0,0.0,
psv,1998.0,0.0,0.0,0.0,0.0,
psv,1999.0,0.0,0.0,0.0,0.0,
psv,2000.0,0.0,0.0,0.0,0.0,
psv,2001.0,0.0,0.0,0.0,0.0,
psv,2002.0,0.0,0.0,0.0,0.0,
psv,2003.0,0.0,0.0,0.0,0.0,
psv,2004.0,0.0,0.0,0.0,0.0,
psv,2005.0,0.0,0.0,0.0,0.0,
psv,2006.0,0.0,0.0,0.0,0.0,
psv,2007.0,0.0,0.0,0.0,0.0,
psv,2008.0,0.0,0.0,0.0,0.0,
psv,2009.0,0.0,0.0,0.0,0.0,
psv,2010.0,0.0,0.0,0.0,0.0,
psv,2011.0,1490.0,1710.0,800.0,630.0,
psv,2012.0,6050.0,5310.0,2520.0,2570.0,
psv,2013.0,2520.0,2570.0,4050.0,1450.0,
psv,2014.0,1980.0,2450.0,6130.0,1340.0,
psv,2015.0,390.0,690.0,4850.0,320.0,
psv,2016.0,150.0,390.0,3560.0,150.0,
psv,2017.0,0.0,0.0,0.0,0.0,
psv,2019.0,0.0,0.0,0.0,0.0,
psv,2021.0,0.0,0.0,0.0,0.0,
psv,2022.0,0.0,0.0,0.0,0.0,
psv,2023.0,0.0,0.0,0.0,0.0,
sat,1977.0,0.0,0.0,0.0,0.0,
sat,1978.0,0.0,0.0,0.0,0.0,
sat,1979.0,0.0,0.0,0.0,0.0,
sat,1980.0,0.0,0.0,0.0,0.0,
sat,1981.0,0.0,0.0,0.0,0.0,
sat,1982.0,0.0,0.0,0.0,0.0,
sat,1983.0,0.0,0.0,0.0,0.0,
sat,1984.0,0.0,0.0,0.0,0.0,
sat,1985.0,0.0,0.0,0.0,0.0,
sat,1986.0,0.0,0.0,0.0,0.0,
sat,1987.0,0.0,0.0,0.0,0.0,
sat,1988.0,0.0,0.0,0.0,0.0,
sat,1989.0,0.0,0.0,0.0,0.0,
sat,1990.0,0.0,0.0,0.0,0.0,
sat,1991.0,0.0,0.0,0.0,0.0,
sat,1992.0,0.0,0.0,0.0,0.0,
sat,1993.0,0.0,0.0,0.0,0.0,
sat,1994.0,170.0,120.0,3340.0,20.0,
sat,1995.0,550.0,420.0,10550.0,50.0,
sat,1996.0,0.0,0.0,7690.0,0.0,
sat,1997.0,0.0,0.0,6770.0,0.0,
sat,1998.0,0.0,0.0,3820.0,0.0,
sat,1999.0,0.0,0.0,90.0,0.0,
sat,2000.0,0.0,0.0,0.0,0.0,
sat,2001.0,0.0,0.0,0.0,0.0,
sat,2002.0,0.0,0.0,0.0,0.0,
sat,2003.0,0.0,0.0,0.0,0.0,
sat,2004.0,0.0,0.0,0.0,0.0,
sat,2005.0,0.0,0.0,0.0,0.0,
sat,2006.0,0.0,0.0,0.0,0.0,
sat,2007.0,0.0,0.0,0.0,0.0,
sat,2008.0,0.0,0.0,0.0,0.0,
sat,2009.0,0.0,0.0,0.0,0.0,
sat,2010.0,0.0,0.0,0.0,0.0,
sat,2011.0,0.0,0.0,0.0,0.0,
sat,2012.0,0.0,0.0,0.0,0.0,
sat,2013.0,0.0,0.0,0.0,0.0,
sat,2014.0,0.0,0.0,0.0,0.0,
sat,2015.0,0.0,0.0,0.0,0.0,
sat,2016.0,0.0,0.0,0.0,0.0,
sat,2017.0,0.0,0.0,0.0,0.0,
sat,2019.0,0.0,0.0,0.0,0.0,
sat,2021.0,0.0,0.0,0.0,0.0,
sat,2022.0,0.0,0.0,0.0,0.0,
sat,2023.0,0.0,0.0,0.0,0.0,
scd,1977.0,0.0,0.0,0.0,0.0,
scd,1978.0,0.0,0.0,0.0,0.0,
scd,1979.0,0.0,0.0,0.0,0.0,
scd,1980.0,0.0,0.0,0.0,0.0,
scd,1981.0,0.0,0.0,0.0,0.0,
scd,1982.0,0.0,0.0,0.0,0.0,
scd,1983.0,0.0,0.0,0.0,0.0,
scd,1984.0,0.0,0.0,0.0,0.0,
scd,1985.0,0.0,0.0,0.0,0.0,
scd,1986.0,0.0,0.0,0.0,0.0,
scd,1987.0,0.0,0.0,0.0,0.0,
scd,1988.0,0.0,0.0,0.0,0.0,
scd,1989.0,0.0,0.0,0.0,0.0,
scd,1990.0,0.0,0.0,0.0,0.0,
scd,1991.0,0.0,0.0,0.0,0.0,
scd,1992.0,0.0,0.0,0.0,0.0,
scd,1993.0,1000.0,360.0,90.0,50.0,
scd,1994.0,0.0,0.0,360.0,0.0,
scd,1995.0,0.0,0.0,0.0,0.0,
scd,1996.0,0.0,0.0,0.0,0.0,
scd,1997.0,0.0,0.0,0.0,0.0,
scd,1998.0,0.0,0.0,0.0,0.0,
scd,1999.0,0.0,0.0,0.0,0.0,
scd,2000.0,0.0,0.0,0.0,0.0,
scd,2001.0,0.0,0.0,0.0,0.0,
scd,2002.0,0.0,0.0,0.0,0.0,
scd,2003.0,0.0,0.0,0.0,0.0,
scd,2004.0,0.0,0.0,0.0,0.0,
scd,2005.0,0.0,0.0,0.0,0.0,
scd,2006.0,0.0,0.0,0.0,0.0,
scd,2007.0,0.0,0.0,0.0,0.0,
scd,2008.0,0.0,0.0,0.0,0.0,
scd,2009.0,0.0,0.0,0.0,0.0,
scd,2010.0,0.0,0.0,0.0,0.0,
scd,2011.0,0.0,0.0,0.0,0.0,
scd,2012.0,0.0,0.0,0.0,0.0,
scd,2013.0,0.0,0.0,0.0,0.0,
scd,2014.0,0.0,0.0,0.0,0.0,
scd,2015.0,0.0,0.0,0.0,0.0,
scd,2016.0,0.0,0.0,0.0,0.0,
scd,2017.0,0.0,0.0,0.0,0.0,
scd,2019.0,0.0,0.0,0.0,0.0,
scd,2021.0,0.0,0.0,0.0,0.0,
scd,2022.0,0.0,0.0,0.0,0.0,
scd,2023.0,0.0,0.0,0.0,0.0,
snes,1977.0,0.0,0.0,0.0,0.0,
snes,1978.0,0.0,0.0,0.0,0.0,
snes,1979.0,0.0,0.0,0.0,0.0,
snes,1980.0,0.0,0.0,0.0,0.0,
snes,1981.0,0.0,0.0,0.0,0.0,
snes,1982.0,0.0,0.0,0.0,0.0,
snes,1983.0,0.0,0.0,0.0,0.0,
snes,1984.0,0.0,0.0,0.0,0.0,
snes,1985.0,0.0,0.0,0.0,0.0,
snes,1986.0,0.0,0.0,0.0,0.0,
snes,1987.0,0.0,0.0,0.0,0.0,
snes,1988.0,0.0,0.0,0.0,0.0,
snes,1989.0,0.0,0.0,0.0,0.0,
snes,1990.0,15280.0,4600.0,5600.0,670.0,
snes,1991.0,5470.0,1840.0,8540.0,370.0,
snes,1992.0,9520.0,3290.0,19670.0,500.0,
snes,1993.0,12180.0,3850.0,23210.0,780.0,
snes,1994.0,9430.0,2670.0,22570.0,410.0,
snes,1995.0,7260.0,2220.0,22370.0,350.0,
snes,1996.0,2090.0,570.0,13120.0,140.0,
snes,1997.0,0.0,0.0,990.0,0.0,
snes,1998.0,0.0,0.0,220.0,0.0,
snes,1999.0,0.0,0.0,260.0,0.0,
snes,2000.0,0.0,0.0,0.0,0.0,
snes,2001.0,0.0,0.0,0.0,0.0,
snes,2002.0,0.0,0.0,0.0,0.0,
snes,2003.0,0.0,0.0,0.0,0.0,
snes,2004.0,0.0,0.0,0.0,0.0,
snes,2005.0,0.0,0.0,0.0,0.0,
snes,2006.0,0.0,0.0,0.0,0.0,
snes,2007.0,0.0,0.0,0.0,0.0,
snes,2008.0,0.0,0.0,0.0,0.0,
snes,2009.0,0.0,0.0,0.0,0.0,
snes,2010.0,0.0,0.0,0.0,0.0,
snes,2011.0,0.0,0.0,0.0,0.0,
snes,2012.0,0.0,0.0,0.0,0.0,
snes,2013.0,0.0,0.0,0.0,0.0,
snes,2014.0,0.0,0.0,0.0,0.0,
snes,2015.0,0.0,0.0,0.0,0.0,
snes,2016.0,0.0,0.0,0.0,0.0,
snes,2017.0,0.0,0.0,0.0,0.0,
snes,2019.0,0.0,0.0,0.0,0.0,
snes,2021.0,0.0,0.0,0.0,0.0,
snes,2022.0,0.0,0.0,0.0,0.0,
snes,2023.0,0.0,0.0,0.0,0.0,
tg16,1977.0,0.0,0.0,0.0,0.0,
tg16,1978.0,0.0,0.0,0.0,0.0,
tg16,1979.0,0.0,0.0,0.0,0.0,
tg16,1980.0,0.0,0.0,0.0,0.0,
tg16,1981.0,0.0,0.0,0.0,0.0,
tg16,1982.0,0.0,0.0,0.0,0.0,
tg16,1983.0,0.0,0.0,0.0,0.0,
tg16,1984.0,0.0,0.0,0.0,0.0,
tg16,1985.0,0.0,0.0,0.0,0.0,
tg16,1986.0,0.0,0.0,0.0,0.0,
tg16,1987.0,0.0,0.0,0.0,0.0,
tg16,1988.0,0.0,0.0,0.0,0.0,
tg16,1989.0,0.0,0.0,0.0,0.0,
tg16,1990.0,0.0,0.0,0.0,0.0,
tg16,1991.0,0.0,0.0,0.0,0.0,
tg16,1992.0,0.0,0.0,0.0,0.0,
tg16,1993.0,0.0,0.0,0.0,0.0,
tg16,1994.0,0.0,0.0,0.0,0.0,
tg16,1995.0,0.0,0.0,160.0,0.0,
tg16,1996.0,0.0,0.0,0.0,0.0,
tg16,1997.0,0.0,0.0,0.0,0.0,
tg16,1998.0,0.0,0.0,0.0,0.0,
tg16,1999.0,0.0,0.0,0.0,0.0,
tg16,2000.0,0.0,0.0,0.0,0.0,
tg16,2001.0,0.0,0.0,0.0,0.0,
tg16,2002.0,0.0,0.0,0.0,0.0,
tg16,2003.0,0.0,0.0,0.0,0.0,
tg16,2004.0,0.0,0.0,0.0,0.0,
tg16,2005.0,0.0,0.0,0.0,0.0,
tg16,2006.0,0.0,0.0,0.0,0.0,
tg16,2007.0,0.0,0.0,0.0,0.0,
tg16,2008.0,0.0,0.0,0.0,0.0,
tg16,2009.0,0.0,0.0,0.0,0.0,
tg16,2010.0,0.0,0.0,0.0,0.0,
tg16,2011.0,0.0,0.0,0.0,0.0,
tg16,2012.0,0.0,0.0,0.0,0.0,
tg16,2013.0,0.0,0.0,0.0,0.0,
tg16,2014.0,0.0,0.0,0.0,0.0,
tg16,2015.0,0.0,0.0,0.0,0.0,
tg16,2016.0,0.0,0.0,0.0,0.0,
tg16,2017.0,0.0,0.0,0.0,0.0,
tg16,2019.0,0.0,0.0,0.0,0.0,
tg16,2021.0,0.0,0.0,0.0,0.0,
tg16,2022.0,0.0,0.0,0.0,0.0,
tg16,2023.0,0.0,0.0,0.0,0.0,
wii,1977.0,0.0,0.0,0.0,0.0,
wii,1978.0,0.0,0.0,0.0,0.0,
wii,1979.0,0.0,0.0,0.0,0.0,
wii,1980.0,0.0,0.0,0.0,0.0,
wii,1981.0,0.0,0.0,0.0,0.0,
wii,1982.0,0.0,0.0,0.0,0.0,
wii,1983.0,0.0,0.0,0.0,0.0,
wii,1984.0,40.0,0.0,0.0,0.0,
wii,1985.0,0.0,0.0,0.0,0.0,
wii,1986.0,0.0,0.0,0.0,0.0,
wii,1987.0,0.0,0.0,0.0,0.0,
wii,1988.0,0.0,0.0,0.0,0.0,
wii,1989.0,0.0,0.0,0.0,0.0,
wii,1990.0,0.0,0.0,0.0,0.0,
wii,1991.0,0.0,0.0,0.0,0.0,
wii,1992.0,0.0,0.0,0.0,0.0,
wii,1993.0,150.0,50.0,140.0,10.0,
wii,1994.0,0.0,0.0,0.0,0.0,
wii,1995.0,0.0,0.0,0.0,0.0,
wii,1996.0,0.0,0.0,0.0,0.0,
wii,1997.0,0.0,0.0,0.0,0.0,
wii,1998.0,0.0,0.0,20.0,0.0,
wii,1999.0,0.0,10.0,0.0,0.0,
wii,2000.0,0.0,0.0,0.0,0.0,
wii,2001.0,0.0,0.0,0.0,0.0,
wii,2002.0,0.0,0.0,20.0,0.0,
wii,2003.0,0.0,0.0,0.0,0.0,
wii,2004.0,20.0,0.0,0.0,0.0,
wii,2005.0,40.0,20.0,0.0,0.0,
wii,2006.0,73150.0,44460.0,9150.0,13850.0,
wii,2007.0,83460.0,44240.0,12120.0,13620.0,
wii,2008.0,100590.0,48210.0,12770.0,15520.0,
wii,2009.0,114550.0,58310.0,16570.0,17540.0,
wii,2010.0,74100.0,36320.0,8800.0,10300.0,
wii,2011.0,33350.0,18670.0,6350.0,5620.0,
wii,2012.0,10890.0,5990.0,3340.0,1490.0,
wii,2013.0,4480.0,3340.0,50.0,720.0,
wii,2014.0,1590.0,1860.0,0.0,300.0,
wii,2015.0,430.0,620.0,0.0,90.0,
wii,2016.0,60.0,110.0,0.0,10.0,
wii,2017.0,0.0,0.0,0.0,0.0,
wii,2019.0,0.0,0.0,0.0,0.0,
wii,2021.0,0.0,0.0,0.0,0.0,
wii,2022.0,0.0,0.0,0.0,0.0,
wii,2023.0,0.0,0.0,0.0,0.0,
wiiu,1977.0,0.0,0.0,0.0,0.0,
wiiu,1978.0,0.0,0.0,0.0,0.0,
wiiu,1979.0,0.0,0.0,0.0,0.0,
wiiu,1980.0,0.0,0.0,0.0,0.0,
wiiu,1981.0,0.0,0.0,0.0,0.0,
wiiu,1982.0,0.0,0.0,0.0,0.0,
wiiu,1983.0,0.0,0.0,0.0,0.0,
wiiu,1984.0,0.0,0.0,0.0,0.0,
wiiu,1985.0,0.0,0.0,0.0,0.0,
wiiu,1986.0,0.0,0.0,0.0,0.0,
wiiu,1987.0,0.0,0.0,0.0,0.0,
wiiu,1988.0,0.0,0.0,0.0,0.0,
wiiu,1989.0,0.0,0.0,0.0,0.0,
wiiu,1990.0,0.0,0.0,0.0,0.0,
wiiu,1991.0,0.0,0.0,0.0,0.0,
wiiu,1992.0,0.0,0.0,0.0,0.0,
wiiu,1993.0,0.0,0.0,0.0,0.0,
wiiu,1994.0,0.0,0.0,0.0,0.0,
wiiu,1995.0,0.0,0.0,0.0,0.0,
wiiu,1996.0,0.0,0.0,0.0,0.0,
wiiu,1997.0,0.0,0.0,0.0,0.0,
wiiu,1998.0,0.0,0.0,0.0,0.0,
wiiu,1999.0,0.0,0.0,0.0,0.0,
wiiu,2000.0,0.0,0.0,0.0,0.0,
wiiu,2001.0,0.0,0.0,0.0,0.0,
wiiu,2002.0,0.0,0.0,0.0,0.0,
wiiu,2003.0,0.0,0.0,0.0,0.0,
wiiu,2004.0,0.0,0.0,0.0,0.0,
wiiu,2005.0,0.0,0.0,0.0,0.0,
wiiu,2006.0,0.0,0.0,0.0,0.0,
wiiu,2007.0,0.0,0.0,0.0,0.0,
wiiu,2008.0,0.0,0.0,0.0,0.0,
wiiu,2009.0,0.0,0.0,0.0,0.0,
wiiu,2010.0,0.0,0.0,0.0,0.0,
wiiu,2011.0,0.0,0.0,0.0,0.0,
wiiu,2012.0,8890.0,5280.0,2130.0,1260.0,
wiiu,2013.0,9850.0,6700.0,3570.0,1530.0,
wiiu,2014.0,10500.0,6660.0,3190.0,1680.0,
wiiu,2015.0,6760.0,5010.0,3450.0,1130.0,
wiiu,2016.0,2100.0,1480.0,670.0,350.0,
wiiu,2017.0,0.0,0.0,0.0,0.0,
wiiu,2019.0,0.0,0.0,0.0,0.0,
wiiu,2021.0,0.0,0.0,0.0,0.0,
wiiu,2022.0,0.0,0.0,0.0,0.0,
wiiu,2023.0,0.0,0.0,0.0,0.0,
ws,1977.0,0.0,0.0,0.0,0.0,
ws,1978.0,0.0,0.0,0.0,0.0,
ws,1979.0,0.0,0.0,0.0,0.0,
ws,1980.0,0.0,0.0,0.0,0.0,
ws,1981.0,0.0,0.0,0.0,0.0,
ws,1982.0,0.0,0.0,0.0,0.0,
ws,1983.0,0.0,0.0,0.0,0.0,
ws,1984.0,0.0,0.0,0.0,0.0,
ws,1985.0,0.0,0.0,0.0,0.0,
ws,1986.0,0.0,0.0,0.0,0.0,
ws,1987.0,0.0,0.0,0.0,0.0,
ws,1988.0,0.0,0.0,0.0,0.0,
ws,1989.0,0.0,0.0,0.0,0.0,
ws,1990.0,0.0,0.0,0.0,0.0,
ws,1991.0,0.0,0.0,0.0,0.0,
ws,1992.0,0.0,0.0,0.0,0.0,
ws,1993.0,0.0,0.0,0.0,0.0,
ws,1994.0,0.0,0.0,0.0,0.0,
ws,1995.0,0.0,0.0,0.0,0.0,
ws,1996.0,0.0,0.0,0.0,0.0,
ws,1997.0,0.0,0.0,0.0,0.0,
ws,1998.0,0.0,0.0,0.0,0.0,
ws,1999.0,0.0,0.0,460.0,0.0,
ws,2000.0,0.0,0.0,680.0,0.0,
ws,2001.0,0.0,0.0,280.0,0.0,
ws,2002.0,0.0,0.0,0.0,0.0,
ws,2003.0,0.0,0.0,0.0,0.0,
ws,2004.0,0.0,0.0,0.0,0.0,
ws,2005.0,0.0,0.0,0.0,0.0,
ws,2006.0,0.0,0.0,0.0,0.0,
ws,2007.0,0.0,0.0,0.0,0.0,
ws,2008.0,0.0,0.0,0.0,0.0,
ws,2009.0,0.0,0.0,0.0,0.0,
ws,2010.0,0.0,0.0,0.0,0.0,
ws,2011.0,0.0,0.0,0.0,0.0,
ws,2012.0,0.0,0.0,0.0,0.0,
ws,2013.0,0.0,0.0,0.0,0.0,
ws,2014.0,0.0,0.0,0.0,0.0,
ws,2015.0,0.0,0.0,0.0,0.0,
ws,2016.0,0.0,0.0,0.0,0.0,
ws,2017.0,0.0,0.0,0.0,0.0,
ws,2019.0,0.0,0.0,0.0,0.0,
ws,2021.0,0.0,0.0,0.0,0.0,
ws,2022.0,0.0,0.0,0.0,0.0,
ws,2023.0,0.0,0.0,0.0,0.0,
x360,1977.0,0.0,0.0,0.0,0.0,
x360,1978.0,0.0,0.0,0.0,0.0,
x360,1979.0,0.0,0.0,0.0,0.0,
x360,1980.0,0.0,0.0,0.0,0.0,
x360,1981.0,0.0,0.0,0.0,0.0,
x360,1982.0,0.0,0.0,0.0,0.0,
x360,1983.0,0.0,0.0,0.0,0.0,
x360,1984.0,0.0,0.0,0.0,0.0,
x360,1985.0,0.0,0.0,0.0,0.0,
x360,1986.0,240.0,10.0,0.0,20.0,
x360,1987.0,0.0,0.0,0.0,0.0,
x360,1988.0,0.0,0.0,0.0,0.0,
x360,1989.0,0.0,0.0,0.0,0.0,
x360,1990.0,0.0,0.0,0.0,0.0,
x360,1991.0,0.0,0.0,0.0,0.0,
x360,1992.0,0.0,0.0,0.0,0.0,
x360,1993.0,0.0,0.0,0.0,0.0,
x360,1994.0,0.0,0.0,0.0,0.0,
x360,1995.0,0.0,0.0,0.0,0.0,
x360,1996.0,0.0,0.0,0.0,0.0,
x360,1997.0,0.0,0.0,0.0,0.0,
x360,1998.0,0.0,0.0,0.0,0.0,
x360,1999.0,0.0,0.0,0.0,0.0,
x360,2000.0,0.0,0.0,0.0,0.0,
x360,2001.0,30.0,0.0,0.0,0.0,
x360,2002.0,0.0,0.0,0.0,0.0,
x360,2003.0,0.0,0.0,0.0,0.0,
x360,2004.0,0.0,0.0,0.0,0.0,
x360,2005.0,7450.0,430.0,290.0,670.0,
x360,2006.0,35460.0,11160.0,1200.0,4490.0,
x360,2007.0,64920.0,22500.0,1520.0,8940.0,
x360,2008.0,83100.0,38450.0,1890.0,12790.0,
x360,2009.0,74750.0,33790.0,1960.0,11160.0,
x360,2010.0,108550.0,46770.0,2170.0,14390.0,
x360,2011.0,87660.0,43070.0,1820.0,12870.0,
x360,2012.0,58510.0,32000.0,1060.0,8300.0,
x360,2013.0,53360.0,27070.0,430.0,7770.0,
x360,2014.0,20250.0,11280.0,80.0,3130.0,
x360,2015.0,7360.0,3500.0,0.0,1100.0,
x360,2016.0,690.0,710.0,0.0,120.0,
x360,2017.0,0.0,0.0,0.0,0.0,
x360,2019.0,0.0,0.0,0.0,0.0,
x360,2021.0,140.0,20.0,0.0,10.0,
x360,2022.0,0.0,0.0,0.0,0.0,
x360,2023.0,0.0,0.0,0.0,0.0,
xb,1977.0,0.0,0.0,0.0,0.0,
xb,1978.0,0.0,0.0,0.0,0.0,
xb,1979.0,0.0,0.0,0.0,0.0,
xb,1980.0,0.0,0.0,0.0,0.0,
xb,1981.0,0.0,0.0,0.0,0.0,
xb,1982.0,0.0,0.0,0.0,0.0,
xb,1983.0,0.0,0.0,0.0,0.0,
xb,1984.0,0.0,0.0,0.0,0.0,
xb,1985.0,0.0,0.0,0.0,0.0,
xb,1986.0,50.0,10.0,0.0,0.0,
xb,1987.0,0.0,0.0,0.0,0.0,
xb,1988.0,0.0,0.0,0.0,0.0,
xb,1989.0,0.0,0.0,0.0,0.0,
xb,1990.0,0.0,0.0,0.0,0.0,
xb,1991.0,0.0,0.0,0.0,0.0,
xb,1992.0,0.0,0.0,0.0,0.0,
xb,1993.0,0.0,0.0,0.0,0.0,
xb,1994.0,0.0,0.0,0.0,0.0,
xb,1995.0,0.0,0.0,0.0,0.0,
xb,1996.0,0.0,0.0,0.0,0.0,
xb,1997.0,0.0,0.0,0.0,0.0,
xb,1998.0,0.0,0.0,0.0,0.0,
xb,1999.0,0.0,0.0,0.0,0.0,
xb,2000.0,740.0,210.0,0.0,40.0,
xb,2001.0,17240.0,4700.0,370.0,660.0,
xb,2002.0,35720.0,12210.0,490.0,1780.0,
xb,2003.0,39460.0,13530.0,300.0,1910.0,
xb,2004.0,50090.0,15240.0,200.0,2230.0,
xb,2005.0,35110.0,12560.0,20.0,1740.0,
xb,2006.0,7510.0,2260.0,0.0,320.0,
xb,2007.0,410.0,120.0,0.0,20.0,
xb,2008.0,130.0,40.0,0.0,10.0,
xb,2009.0,0.0,0.0,0.0,0.0,
xb,2010.0,0.0,0.0,0.0,0.0,
xb,2011.0,0.0,0.0,0.0,0.0,
xb,2012.0,0.0,0.0,0.0,0.0,
xb,2013.0,0.0,0.0,0.0,0.0,
xb,2014.0,0.0,0.0,0.0,0.0,
xb,2015.0,0.0,0.0,0.0,0.0,
xb,2016.0,0.0,0.0,0.0,0.0,
xb,2017.0,0.0,0.0,0.0,0.0,
xb,2019.0,0.0,0.0,0.0,0.0,
xb,2021.0,0.0,0.0,0.0,0.0,
xb,2022.0,230.0,70.0,0.0,10.0,
xb,2023.0,0.0,0.0,0.0,0.0,
xone,1977.0,0.0,0.0,0.0,0.0,
xone,1978.0,0.0,0.0,0.0,0.0,
xone,1979.0,0.0,0.0,0.0,0.0,
xone,1980.0,0.0,0.0,0.0,0.0,
xone,1981.0,0.0,0.0,0.0,0.0,
xone,1982.0,0.0,0.0,0.0,0.0,
xone,1983.0,0.0,0.0,0.0,0.0,
xone,1984.0,0.0,0.0,0.0,0.0,
xone,1985.0,0.0,0.0,0.0,0.0,
xone,1986.0,0.0,0.0,0.0,0.0,
xone,1987.0,0.0,0.0,0.0,0.0,
xone,1988.0,0.0,0.0,0.0,0.0,
xone,1989.0,0.0,0.0,0.0,0.0,
xone,1990.0,0.0,0.0,0.0,0.0,
xone,1991.0,0.0,0.0,0.0,0.0,
xone,1992.0,0.0,0.0,0.0,0.0,
xone,1993.0,0.0,0.0,0.0,0.0,
xone,1994.0,0.0,0.0,0.0,0.0,
xone,1995.0,0.0,0.0,0.0,0.0,
xone,1996.0,0.0,0.0,0.0,0.0,
xone,1997.0,0.0,0.0,0.0,0.0,
xone,1998.0,0.0,0.0,0.0,0.0,
xone,1999.0,0.0,0.0,0.0,0.0,
xone,2000.0,0.0,0.0,0.0,0.0,
xone,2001.0,0.0,0.0,0.0,0.0,
xone,2002.0,0.0,0.0,0.0,0.0,
xone,2003.0,0.0,0.0,0.0,0.0,
xone,2004.0,0.0,0.0,0.0,0.0,
xone,2005.0,0.0,0.0,0.0,0.0,
xone,2006.0,0.0,0.0,0.0,0.0,
xone,2007.0,0.0,0.0,0.0,0.0,
xone,2008.0,0.0,0.0,0.0,0.0,
xone,2009.0,0.0,0.0,0.0,0.0,
xone,2010.0,0.0,0.0,0.0,0.0,
xone,2011.0,0.0,0.0,0.0,0.0,
xone,2012.0,0.0,0.0,0.0,0.0,
xone,2013.0,11850.0,5340.0,20.0,1750.0,
xone,2014.0,30970.0,18150.0,140.0,4810.0,
xone,2015.0,36030.0,18470.0,170.0,5470.0,
xone,2016.0,14270.0,9630.0,10.0,2240.0,
xone,2017.0,0.0,0.0,0.0,0.0,
xone,2019.0,0.0,0.0,0.0,0.0,
xone,2021.0,0.0,0.0,0.0,0.0,
xone,2022.0,0.0,0.0,0.0,0.0,
xone,2023.0,0.0,0.0,0.0,0.0,
