platform,user_score,na_sales,eu_sales,jp_sales,other_sales,total_sales
3ds,2.4,100.0,350.0,0.0,30.0,480.0
3ds,2.8,0.0,30.0,0.0,0.0,30.0
3ds,3.0,150.0,150.0,0.0,30.0,330.0
3ds,3.3,300.0,370.0,30.0,70.0,770.0
3ds,3.4,160.0,100.0,0.0,20.0,280.0
3ds,3.6,180.0,100.0,0.0,30.0,310.0
3ds,3.7,60.0,200.0,0.0,30.0,290.0
3ds,3.8,70.0,70.0,0.0,10.0,150.0
3ds,3.9,130.0,220.0,160.0,30.0,540.0
3ds,4.0,70.0,20.0,0.0,10.0,100.0
3ds,4.2,140.0,30.0,0.0,20.0,190.0
3ds,4.25,30.0,0.0,0.0,0.0,30.0
3ds,4.27,0.0,0.0,190.0,0.0,190.0
3ds,4.3,40.0,30.0,0.0,10.0,80.0
3ds,4.34,0.0,220.0,0.0,10.0,230.0
3ds,4.4,270.0,160.0,20.0,40.0,490.0
3ds,4.5,0.0,0.0,560.0,0.0,560.0
3ds,4.6,380.0,200.0,0.0,50.0,630.0
3ds,4.8,1180.0,2360.0,2290.0,290.0,6120.0
3ds,4.9,370.0,240.0,0.0,60.0,670.0
3ds,5.0,220.0,70.0,0.0,30.0,320.0
3ds,5.1,20.0,10.0,10.0,0.0,40.0
3ds,5.2,830.0,710.0,300.0,130.0,1970.0
3ds,5.3,680.0,70.0,70.0,60.0,880.0
3ds,5.4,450.0,370.0,90.0,70.0,980.0
3ds,5.45,0.0,0.0,240.0,0.0,240.0
3ds,5.5,610.0,300.0,120.0,80.0,1110.0
3ds,5.6,1150.0,480.0,640.0,140.0,2410.0
3ds,5.7,50.0,90.0,0.0,20.0,160.0
3ds,5.8,30.0,0.0,0.0,0.0,30.0
3ds,5.9,180.0,130.0,50.0,30.0,390.0
3ds,6.0,950.0,330.0,40.0,130.0,1450.0
3ds,6.05,170.0,100.0,0.0,20.0,290.0
3ds,6.1,1340.0,1040.0,490.0,210.0,3080.0
3ds,6.15,240.0,140.0,0.0,30.0,410.0
3ds,6.2,1860.0,2190.0,1940.0,350.0,6340.0
3ds,6.3,1900.0,1240.0,1070.0,280.0,4490.0
3ds,6.35,110.0,0.0,0.0,10.0,120.0
3ds,6.4,670.0,660.0,210.0,120.0,1660.0
3ds,6.45,600.0,170.0,540.0,50.0,1360.0
3ds,6.5,1040.0,980.0,290.0,190.0,2500.0
3ds,6.57,100.0,120.0,0.0,20.0,240.0
3ds,6.6,450.0,490.0,160.0,100.0,1200.0
3ds,6.7,2460.0,2160.0,1490.0,440.0,6550.0
3ds,6.8,1120.0,1490.0,890.0,260.0,3760.0
3ds,6.83,50.0,20.0,100.0,10.0,180.0
3ds,6.85,530.0,30.0,90.0,40.0,690.0
3ds,6.9,1220.0,1880.0,3040.0,270.0,6410.0
3ds,6.95,60.0,210.0,2930.0,20.0,3220.0
3ds,7.0,1040.0,500.0,3350.0,140.0,5030.0
3ds,7.1,1250.0,1090.0,9180.0,220.0,11740.0
3ds,7.2,5010.0,3730.0,4490.0,810.0,14040.0
3ds,7.25,0.0,0.0,70.0,0.0,70.0
3ds,7.3,700.0,380.0,510.0,110.0,1700.0
3ds,7.35,4560.0,3520.0,10310.0,770.0,19160.0
3ds,7.4,1580.0,660.0,1030.0,210.0,3480.0
3ds,7.45,180.0,160.0,1340.0,30.0,1710.0
3ds,7.5,3980.0,1950.0,6350.0,580.0,12860.0
3ds,7.6,1840.0,890.0,1020.0,240.0,3990.0
3ds,7.63,3030.0,1450.0,3210.0,460.0,8150.0
3ds,7.65,6480.0,5390.0,13100.0,980.0,25950.0
3ds,7.7,760.0,290.0,440.0,100.0,1590.0
3ds,7.75,50.0,0.0,130.0,10.0,190.0
3ds,7.8,650.0,350.0,860.0,80.0,1940.0
3ds,7.9,400.0,580.0,490.0,80.0,1550.0
3ds,8.0,1300.0,600.0,2020.0,180.0,4100.0
3ds,8.1,1320.0,590.0,1070.0,180.0,3160.0
3ds,8.15,150.0,290.0,0.0,50.0,490.0
3ds,8.2,8230.0,6110.0,4530.0,1370.0,20240.0
3ds,8.3,510.0,170.0,380.0,60.0,1120.0
3ds,8.4,6700.0,4390.0,3250.0,1070.0,15410.0
3ds,8.5,720.0,520.0,750.0,120.0,2110.0
3ds,8.6,1530.0,1280.0,2740.0,260.0,5810.0
3ds,8.7,3630.0,3340.0,7890.0,630.0,15490.0
3ds,8.8,1120.0,740.0,2080.0,170.0,4110.0
3ds,8.9,1670.0,1150.0,840.0,270.0,3930.0
3ds,9.0,1150.0,550.0,490.0,170.0,2360.0
3ds,9.1,900.0,450.0,540.0,130.0,2020.0
dc,6.0,1020.0,50.0,0.0,20.0,1090.0
dc,6.2,0.0,0.0,350.0,0.0,350.0
dc,6.3,0.0,0.0,90.0,0.0,90.0
dc,6.57,0.0,0.0,40.0,0.0,40.0
dc,6.95,0.0,0.0,330.0,0.0,330.0
dc,7.35,410.0,230.0,470.0,30.0,1140.0
dc,7.6,0.0,0.0,20.0,0.0,20.0
dc,7.7,1100.0,510.0,250.0,80.0,1940.0
dc,7.75,0.0,0.0,290.0,0.0,290.0
dc,7.8,0.0,0.0,410.0,0.0,410.0
dc,8.1,0.0,0.0,70.0,0.0,70.0
dc,8.2,0.0,0.0,390.0,0.0,390.0
dc,8.3,0.0,0.0,170.0,0.0,170.0
dc,8.4,0.0,0.0,520.0,0.0,520.0
dc,8.55,1260.0,610.0,970.0,80.0,2920.0
dc,8.6,0.0,0.0,200.0,0.0,200.0
dc,8.75,0.0,0.0,580.0,0.0,580.0
dc,8.8,0.0,0.0,540.0,0.0,540.0
dc,8.9,0.0,0.0,190.0,0.0,190.0
dc,9.0,0.0,0.0,220.0,0.0,220.0
dc,9.1,0.0,0.0,200.0,0.0,200.0
dc,9.4,520.0,240.0,620.0,40.0,1420.0
ds,0.0,660.0,0.0,0.0,60.0,720.0
ds,0.3,270.0,10.0,0.0,20.0,300.0
ds,0.9,60.0,0.0,0.0,0.0,60.0
ds,1.3,220.0,0.0,0.0,20.0,240.0
ds,1.7,40.0,0.0,0.0,0.0,40.0
ds,1.9,1150.0,400.0,0.0,150.0,1700.0
ds,2.1,850.0,40.0,0.0,70.0,960.0
ds,2.2,50.0,10.0,0.0,0.0,60.0
ds,2.4,130.0,0.0,0.0,10.0,140.0
ds,2.5,260.0,0.0,0.0,20.0,280.0
ds,2.6,180.0,0.0,0.0,10.0,190.0
ds,2.7,320.0,20.0,0.0,30.0,370.0
ds,2.8,1110.0,240.0,0.0,130.0,1480.0
ds,3.0,190.0,20.0,0.0,20.0,230.0
ds,3.1,190.0,300.0,0.0,50.0,540.0
ds,3.2,200.0,0.0,0.0,20.0,220.0
ds,3.3,1520.0,930.0,0.0,260.0,2710.0
ds,3.5,470.0,0.0,0.0,40.0,510.0
ds,3.6,620.0,250.0,0.0,90.0,960.0
ds,3.7,120.0,0.0,0.0,10.0,130.0
ds,3.75,40.0,0.0,0.0,0.0,40.0
ds,3.8,220.0,30.0,0.0,20.0,270.0
ds,3.9,100.0,0.0,0.0,10.0,110.0
ds,4.0,1750.0,1640.0,1050.0,440.0,4880.0
ds,4.05,120.0,0.0,0.0,10.0,130.0
ds,4.2,70.0,0.0,0.0,10.0,80.0
ds,4.25,90.0,0.0,0.0,10.0,100.0
ds,4.3,660.0,340.0,0.0,110.0,1110.0
ds,4.4,60.0,10.0,160.0,0.0,230.0
ds,4.5,1460.0,370.0,0.0,160.0,1990.0
ds,4.53,0.0,30.0,0.0,0.0,30.0
ds,4.7,60.0,0.0,0.0,0.0,60.0
ds,4.8,1570.0,220.0,0.0,150.0,1940.0
ds,4.9,850.0,710.0,0.0,190.0,1750.0
ds,5.0,1960.0,80.0,30.0,170.0,2240.0
ds,5.1,210.0,60.0,10.0,20.0,300.0
ds,5.2,1190.0,930.0,0.0,240.0,2360.0
ds,5.23,140.0,160.0,0.0,30.0,330.0
ds,5.3,1240.0,160.0,0.0,130.0,1530.0
ds,5.33,0.0,170.0,0.0,10.0,180.0
ds,5.35,380.0,180.0,0.0,50.0,610.0
ds,5.4,3290.0,1520.0,0.0,490.0,5300.0
ds,5.5,3430.0,660.0,0.0,380.0,4470.0
ds,5.6,730.0,10.0,0.0,60.0,800.0
ds,5.65,340.0,0.0,0.0,30.0,370.0
ds,5.68,100.0,90.0,0.0,20.0,210.0
ds,5.7,890.0,1300.0,130.0,280.0,2600.0
ds,5.77,330.0,130.0,0.0,50.0,510.0
ds,5.8,1750.0,680.0,230.0,250.0,2910.0
ds,5.9,1760.0,170.0,440.0,170.0,2540.0
ds,5.93,270.0,30.0,0.0,30.0,330.0
ds,5.95,50.0,0.0,0.0,0.0,50.0
ds,6.0,3160.0,1230.0,290.0,340.0,5020.0
ds,6.02,460.0,820.0,0.0,170.0,1450.0
ds,6.07,110.0,40.0,0.0,10.0,160.0
ds,6.1,1780.0,800.0,540.0,270.0,3390.0
ds,6.17,150.0,0.0,0.0,10.0,160.0
ds,6.18,50.0,0.0,0.0,0.0,50.0
ds,6.2,2420.0,400.0,130.0,230.0,3180.0
ds,6.3,1620.0,400.0,210.0,180.0,2410.0
ds,6.33,80.0,0.0,0.0,10.0,90.0
ds,6.4,9570.0,2000.0,2120.0,920.0,14610.0
ds,6.43,220.0,160.0,0.0,40.0,420.0
ds,6.45,3500.0,1800.0,740.0,530.0,6570.0
ds,6.46,430.0,0.0,0.0,40.0,470.0
ds,6.48,120.0,0.0,0.0,10.0,130.0
ds,6.5,3250.0,1590.0,370.0,490.0,5700.0
ds,6.57,3660.0,1090.0,1960.0,410.0,7120.0
ds,6.59,230.0,0.0,0.0,20.0,250.0
ds,6.6,6100.0,820.0,5450.0,540.0,12910.0
ds,6.68,790.0,630.0,10.0,170.0,1600.0
ds,6.7,6860.0,1480.0,620.0,790.0,9750.0
ds,6.8,10190.0,2580.0,2090.0,1100.0,15960.0
ds,6.82,1410.0,10.0,980.0,60.0,2460.0
ds,6.85,1470.0,1210.0,190.0,290.0,3160.0
ds,6.87,410.0,250.0,0.0,70.0,730.0
ds,6.88,260.0,100.0,0.0,30.0,390.0
ds,6.9,3210.0,530.0,310.0,330.0,4380.0
ds,6.93,110.0,20.0,0.0,10.0,140.0
ds,6.95,220.0,80.0,0.0,30.0,330.0
ds,6.97,410.0,0.0,0.0,30.0,440.0
ds,7.0,28530.0,12050.0,10070.0,3510.0,54160.0
ds,7.05,4950.0,2990.0,1730.0,880.0,10550.0
ds,7.08,130.0,490.0,0.0,80.0,700.0
ds,7.1,13140.0,9580.0,11950.0,2560.0,37230.0
ds,7.13,210.0,0.0,0.0,20.0,230.0
ds,7.15,650.0,420.0,0.0,110.0,1180.0
ds,7.16,60.0,40.0,0.0,10.0,110.0
ds,7.2,14190.0,6160.0,5980.0,2010.0,28340.0
ds,7.25,520.0,20.0,460.0,40.0,1040.0
ds,7.28,610.0,380.0,0.0,100.0,1090.0
ds,7.3,15790.0,7430.0,4930.0,2370.0,30520.0
ds,7.35,260.0,10.0,1420.0,20.0,1710.0
ds,7.38,290.0,370.0,0.0,80.0,740.0
ds,7.4,12720.0,6910.0,13630.0,2020.0,35280.0
ds,7.42,110.0,0.0,0.0,10.0,120.0
ds,7.43,2140.0,1940.0,940.0,470.0,5490.0
ds,7.45,18210.0,7480.0,4780.0,2470.0,32940.0
ds,7.5,7250.0,2890.0,2540.0,970.0,13650.0
ds,7.56,560.0,560.0,0.0,140.0,1260.0
ds,7.57,0.0,120.0,0.0,10.0,130.0
ds,7.6,20800.0,10730.0,21730.0,3270.0,56530.0
ds,7.63,480.0,260.0,0.0,80.0,820.0
ds,7.65,510.0,30.0,240.0,50.0,830.0
ds,7.67,50.0,0.0,0.0,0.0,50.0
ds,7.7,12080.0,5150.0,6080.0,1610.0,24920.0
ds,7.75,9300.0,1300.0,490.0,940.0,12030.0
ds,7.8,15090.0,5860.0,7710.0,2070.0,30730.0
ds,7.85,9730.0,11000.0,2160.0,2740.0,25630.0
ds,7.9,11970.0,10570.0,8310.0,2790.0,33640.0
ds,8.0,11410.0,7920.0,2270.0,2220.0,23820.0
ds,8.1,6580.0,1490.0,7340.0,660.0,16070.0
ds,8.15,230.0,60.0,0.0,20.0,310.0
ds,8.2,6470.0,1640.0,2540.0,730.0,11380.0
ds,8.23,290.0,20.0,0.0,20.0,330.0
ds,8.3,3220.0,1260.0,360.0,460.0,5300.0
ds,8.4,7680.0,5200.0,2870.0,1510.0,17260.0
ds,8.5,16140.0,12490.0,10730.0,3800.0,43160.0
ds,8.6,13560.0,10500.0,6000.0,2720.0,32780.0
ds,8.7,5980.0,5250.0,8090.0,1530.0,20850.0
ds,8.8,5620.0,3690.0,6710.0,1050.0,17070.0
ds,8.9,2420.0,580.0,1050.0,290.0,4340.0
ds,9.0,3550.0,1690.0,2710.0,560.0,8510.0
ds,9.1,70.0,240.0,0.0,40.0,350.0
ds,9.2,1430.0,1620.0,1210.0,350.0,4610.0
ds,9.3,880.0,420.0,10.0,140.0,1450.0
ds,9.5,100.0,0.0,0.0,10.0,110.0
gb,6.2,0.0,0.0,140.0,0.0,140.0
gb,6.95,870.0,520.0,410.0,60.0,1860.0
gb,7.38,940.0,620.0,100.0,70.0,1730.0
gb,7.63,3810.0,1430.0,1090.0,200.0,6530.0
gb,7.7,1110.0,510.0,690.0,230.0,2540.0
gb,7.8,1420.0,710.0,1100.0,120.0,3350.0
gb,7.9,0.0,0.0,900.0,0.0,900.0
gb,8.0,0.0,0.0,1670.0,10.0,1680.0
gb,8.3,0.0,0.0,310.0,0.0,310.0
gb,8.4,11550.0,7740.0,13190.0,1710.0,34190.0
gb,8.45,0.0,0.0,890.0,0.0,890.0
gb,8.5,5890.0,5040.0,5460.0,600.0,16990.0
gb,8.55,0.0,0.0,580.0,0.0,580.0
gb,8.65,0.0,0.0,1100.0,0.0,1100.0
gb,8.7,1490.0,730.0,5760.0,110.0,8090.0
gb,8.85,0.0,0.0,400.0,0.0,400.0
gb,8.9,1040.0,720.0,300.0,130.0,2190.0
gb,9.2,900.0,380.0,10.0,50.0,1340.0
gb,9.4,0.0,0.0,70.0,0.0,70.0
gba,1.7,50.0,20.0,0.0,0.0,70.0
gba,2.4,10.0,0.0,0.0,0.0,10.0
gba,2.5,40.0,20.0,0.0,0.0,60.0
gba,2.8,110.0,40.0,0.0,0.0,150.0
gba,3.0,100.0,40.0,0.0,0.0,140.0
gba,3.1,60.0,20.0,0.0,0.0,80.0
gba,3.4,50.0,20.0,0.0,0.0,70.0
gba,3.5,40.0,20.0,0.0,0.0,60.0
gba,3.7,70.0,30.0,0.0,0.0,100.0
gba,3.8,220.0,80.0,0.0,10.0,310.0
gba,3.95,30.0,10.0,0.0,0.0,40.0
gba,4.05,90.0,30.0,0.0,0.0,120.0
gba,4.15,40.0,20.0,0.0,0.0,60.0
gba,4.2,20.0,10.0,0.0,0.0,30.0
gba,4.3,50.0,20.0,0.0,0.0,70.0
gba,4.5,140.0,50.0,0.0,0.0,190.0
gba,4.7,860.0,320.0,0.0,20.0,1200.0
gba,4.8,620.0,230.0,170.0,10.0,1030.0
gba,4.9,500.0,180.0,0.0,10.0,690.0
gba,5.0,1430.0,520.0,0.0,20.0,1970.0
gba,5.1,390.0,140.0,0.0,10.0,540.0
gba,5.2,90.0,40.0,0.0,0.0,130.0
gba,5.3,340.0,130.0,0.0,10.0,480.0
gba,5.4,700.0,260.0,280.0,20.0,1260.0
gba,5.45,300.0,110.0,0.0,10.0,420.0
gba,5.5,430.0,160.0,0.0,10.0,600.0
gba,5.6,330.0,120.0,0.0,10.0,460.0
gba,5.7,280.0,110.0,0.0,10.0,400.0
gba,5.8,250.0,90.0,0.0,10.0,350.0
gba,5.87,30.0,10.0,0.0,0.0,40.0
gba,5.9,1570.0,520.0,0.0,70.0,2160.0
gba,5.93,30.0,10.0,0.0,0.0,40.0
gba,6.0,1040.0,390.0,0.0,20.0,1450.0
gba,6.1,800.0,300.0,0.0,20.0,1120.0
gba,6.2,1430.0,530.0,0.0,30.0,1990.0
gba,6.25,260.0,100.0,0.0,0.0,360.0
gba,6.3,70.0,30.0,0.0,0.0,100.0
gba,6.4,400.0,150.0,0.0,10.0,560.0
gba,6.45,30.0,10.0,0.0,0.0,40.0
gba,6.5,170.0,70.0,0.0,0.0,240.0
gba,6.6,2330.0,850.0,300.0,70.0,3550.0
gba,6.68,140.0,50.0,0.0,0.0,190.0
gba,6.72,40.0,10.0,0.0,0.0,50.0
gba,6.75,120.0,40.0,0.0,0.0,160.0
gba,6.8,3410.0,1270.0,0.0,80.0,4760.0
gba,6.85,290.0,110.0,0.0,10.0,410.0
gba,6.9,1810.0,230.0,0.0,50.0,2090.0
gba,6.95,430.0,160.0,0.0,10.0,600.0
gba,7.0,3250.0,1650.0,200.0,180.0,5280.0
gba,7.05,980.0,370.0,550.0,20.0,1920.0
gba,7.1,1230.0,800.0,80.0,80.0,2190.0
gba,7.15,320.0,120.0,0.0,10.0,450.0
gba,7.2,890.0,1060.0,290.0,110.0,2350.0
gba,7.3,4870.0,1790.0,330.0,120.0,7110.0
gba,7.35,1280.0,810.0,40.0,100.0,2230.0
gba,7.4,9320.0,3450.0,0.0,150.0,12920.0
gba,7.5,2930.0,1070.0,370.0,70.0,4440.0
gba,7.55,2020.0,730.0,60.0,40.0,2850.0
gba,7.57,920.0,350.0,10.0,50.0,1330.0
gba,7.6,7810.0,3020.0,1890.0,310.0,13030.0
gba,7.65,1590.0,580.0,0.0,40.0,2210.0
gba,7.67,50.0,20.0,0.0,0.0,70.0
gba,7.7,10100.0,3630.0,0.0,220.0,13950.0
gba,7.73,80.0,30.0,0.0,0.0,110.0
gba,7.75,4210.0,1570.0,720.0,110.0,6610.0
gba,7.8,14930.0,6100.0,3180.0,560.0,24770.0
gba,7.85,5400.0,2140.0,1320.0,300.0,9160.0
gba,7.9,10240.0,3950.0,1550.0,480.0,16220.0
gba,7.95,190.0,70.0,0.0,0.0,260.0
gba,8.0,9860.0,4120.0,1900.0,360.0,16240.0
gba,8.05,40.0,10.0,80.0,0.0,130.0
gba,8.07,200.0,80.0,0.0,10.0,290.0
gba,8.1,6170.0,2820.0,3020.0,360.0,12370.0
gba,8.15,50.0,20.0,0.0,0.0,70.0
gba,8.17,550.0,200.0,0.0,10.0,760.0
gba,8.2,8500.0,4210.0,4260.0,460.0,17430.0
gba,8.25,1820.0,230.0,2770.0,110.0,4930.0
gba,8.3,15660.0,8160.0,9310.0,1000.0,34130.0
gba,8.33,530.0,200.0,0.0,10.0,740.0
gba,8.37,50.0,20.0,0.0,0.0,70.0
gba,8.4,3770.0,1400.0,2850.0,200.0,8220.0
gba,8.43,1070.0,400.0,0.0,60.0,1530.0
gba,8.45,1700.0,380.0,450.0,80.0,2610.0
gba,8.5,2160.0,810.0,510.0,150.0,3630.0
gba,8.53,90.0,30.0,0.0,0.0,120.0
gba,8.6,2240.0,840.0,1960.0,100.0,5140.0
gba,8.65,90.0,30.0,280.0,10.0,410.0
gba,8.67,140.0,50.0,0.0,0.0,190.0
gba,8.7,1080.0,410.0,290.0,40.0,1820.0
gba,8.77,930.0,350.0,0.0,60.0,1340.0
gba,8.8,2190.0,810.0,60.0,40.0,3100.0
gba,8.83,100.0,30.0,0.0,0.0,130.0
gba,8.9,5730.0,2200.0,2200.0,270.0,10400.0
gba,9.0,5570.0,2580.0,2280.0,350.0,10780.0
gba,9.1,4800.0,1450.0,1230.0,230.0,7710.0
gba,9.2,1600.0,680.0,290.0,50.0,2620.0
gba,9.3,1490.0,610.0,400.0,70.0,2570.0
gba,9.4,510.0,180.0,0.0,10.0,700.0
gba,9.5,690.0,290.0,270.0,70.0,1320.0
gba,9.6,440.0,170.0,110.0,10.0,730.0
gc,1.4,60.0,10.0,0.0,0.0,70.0
gc,2.0,30.0,10.0,0.0,0.0,40.0
gc,2.8,150.0,30.0,0.0,0.0,180.0
gc,2.9,80.0,20.0,0.0,0.0,100.0
gc,3.0,30.0,10.0,0.0,0.0,40.0
gc,3.1,110.0,30.0,0.0,0.0,140.0
gc,3.2,200.0,60.0,0.0,0.0,260.0
gc,3.3,10.0,0.0,0.0,0.0,10.0
gc,3.4,90.0,30.0,0.0,0.0,120.0
gc,3.5,20.0,0.0,0.0,0.0,20.0
gc,4.0,230.0,60.0,0.0,10.0,300.0
gc,4.2,160.0,40.0,0.0,10.0,210.0
gc,4.3,190.0,50.0,0.0,10.0,250.0
gc,4.5,40.0,10.0,0.0,0.0,50.0
gc,4.6,150.0,40.0,0.0,10.0,200.0
gc,4.7,420.0,100.0,0.0,10.0,530.0
gc,4.8,90.0,20.0,0.0,0.0,110.0
gc,4.93,130.0,30.0,0.0,0.0,160.0
gc,5.0,300.0,70.0,0.0,0.0,370.0
gc,5.1,780.0,200.0,0.0,30.0,1010.0
gc,5.2,270.0,60.0,0.0,0.0,330.0
gc,5.4,110.0,30.0,0.0,0.0,140.0
gc,5.5,800.0,210.0,0.0,20.0,1030.0
gc,5.6,750.0,180.0,0.0,20.0,950.0
gc,5.7,390.0,100.0,0.0,10.0,500.0
gc,5.8,410.0,110.0,0.0,20.0,540.0
gc,5.9,80.0,20.0,0.0,0.0,100.0
gc,6.0,870.0,220.0,100.0,30.0,1220.0
gc,6.05,30.0,10.0,0.0,0.0,40.0
gc,6.07,10.0,0.0,0.0,0.0,10.0
gc,6.1,70.0,10.0,0.0,0.0,80.0
gc,6.2,820.0,220.0,0.0,20.0,1060.0
gc,6.3,1100.0,290.0,50.0,30.0,1470.0
gc,6.35,120.0,30.0,0.0,0.0,150.0
gc,6.4,1160.0,370.0,10.0,40.0,1580.0
gc,6.45,130.0,30.0,0.0,0.0,160.0
gc,6.5,730.0,180.0,0.0,20.0,930.0
gc,6.53,250.0,70.0,0.0,10.0,330.0
gc,6.6,1610.0,420.0,0.0,60.0,2090.0
gc,6.65,480.0,130.0,0.0,20.0,630.0
gc,6.7,1220.0,310.0,0.0,30.0,1560.0
gc,6.8,1060.0,280.0,0.0,30.0,1370.0
gc,6.9,790.0,220.0,0.0,20.0,1030.0
gc,6.97,200.0,50.0,0.0,10.0,260.0
gc,7.0,2170.0,560.0,0.0,60.0,2790.0
gc,7.1,810.0,210.0,0.0,20.0,1040.0
gc,7.18,220.0,60.0,0.0,10.0,290.0
gc,7.2,2020.0,520.0,0.0,40.0,2580.0
gc,7.25,40.0,10.0,0.0,0.0,50.0
gc,7.3,3820.0,1030.0,50.0,120.0,5020.0
gc,7.4,2670.0,740.0,920.0,120.0,4450.0
gc,7.5,1030.0,260.0,20.0,20.0,1330.0
gc,7.55,170.0,40.0,70.0,0.0,280.0
gc,7.6,1870.0,480.0,0.0,50.0,2400.0
gc,7.65,210.0,60.0,0.0,0.0,270.0
gc,7.7,4390.0,1460.0,400.0,190.0,6440.0
gc,7.75,1050.0,260.0,90.0,40.0,1440.0
gc,7.8,5550.0,1620.0,60.0,190.0,7420.0
gc,7.85,410.0,100.0,460.0,20.0,990.0
gc,7.9,7660.0,2130.0,2870.0,370.0,13030.0
gc,7.95,5150.0,2040.0,1300.0,230.0,8720.0
gc,8.0,6820.0,1870.0,1410.0,250.0,10350.0
gc,8.1,3430.0,1090.0,850.0,120.0,5490.0
gc,8.2,3090.0,1090.0,750.0,120.0,5050.0
gc,8.25,570.0,150.0,70.0,20.0,810.0
gc,8.3,7780.0,2120.0,1780.0,330.0,12010.0
gc,8.4,1700.0,500.0,0.0,60.0,2260.0
gc,8.5,9630.0,2650.0,2070.0,380.0,14730.0
gc,8.6,9470.0,3180.0,1150.0,430.0,14230.0
gc,8.7,4650.0,1400.0,760.0,190.0,7000.0
gc,8.8,3940.0,1240.0,190.0,140.0,5510.0
gc,8.9,7450.0,1920.0,2510.0,330.0,12210.0
gc,9.0,3380.0,1270.0,80.0,140.0,4870.0
gc,9.1,7790.0,1990.0,2060.0,390.0,12230.0
gc,9.2,2190.0,640.0,40.0,80.0,2950.0
gc,9.3,2550.0,830.0,100.0,100.0,3580.0
gc,9.4,2560.0,700.0,680.0,120.0,4060.0
n64,4.3,70.0,20.0,0.0,0.0,90.0
n64,5.77,80.0,20.0,0.0,0.0,100.0
n64,5.95,340.0,70.0,0.0,0.0,410.0
n64,6.3,130.0,30.0,0.0,0.0,160.0
n64,6.7,1130.0,380.0,20.0,30.0,1560.0
n64,6.88,170.0,40.0,0.0,0.0,210.0
n64,7.25,600.0,30.0,0.0,10.0,640.0
n64,7.35,4770.0,1710.0,940.0,130.0,7550.0
n64,7.4,1860.0,430.0,430.0,20.0,2740.0
n64,7.6,5770.0,1850.0,890.0,150.0,8660.0
n64,7.63,3540.0,560.0,1110.0,30.0,5240.0
n64,7.7,2130.0,610.0,1500.0,160.0,4400.0
n64,7.8,1950.0,580.0,1420.0,130.0,4080.0
n64,7.9,1440.0,430.0,1010.0,40.0,2920.0
n64,8.0,410.0,20.0,270.0,40.0,740.0
n64,8.1,0.0,0.0,290.0,40.0,330.0
n64,8.2,3780.0,1570.0,910.0,170.0,6430.0
n64,8.24,60.0,20.0,0.0,0.0,80.0
n64,8.3,4480.0,1290.0,1070.0,180.0,7020.0
n64,8.4,880.0,250.0,1210.0,110.0,2450.0
n64,8.45,0.0,0.0,260.0,50.0,310.0
n64,8.5,380.0,80.0,0.0,10.0,470.0
n64,8.55,6710.0,1680.0,1410.0,480.0,10280.0
n64,8.6,7450.0,2710.0,1570.0,200.0,11930.0
n64,8.65,3430.0,1300.0,1180.0,90.0,6000.0
n64,8.7,80.0,20.0,1370.0,0.0,1470.0
n64,8.75,5950.0,1700.0,190.0,80.0,7920.0
n64,8.85,390.0,90.0,70.0,10.0,560.0
n64,9.0,430.0,90.0,0.0,10.0,530.0
n64,9.2,1680.0,400.0,0.0,30.0,2110.0
pc,1.4,0.0,30.0,0.0,0.0,30.0
pc,2.1,60.0,250.0,0.0,40.0,350.0
pc,2.2,480.0,770.0,0.0,170.0,1420.0
pc,2.4,0.0,20.0,0.0,0.0,20.0
pc,2.5,500.0,1040.0,0.0,330.0,1870.0
pc,2.8,0.0,30.0,0.0,10.0,40.0
pc,2.9,0.0,50.0,0.0,0.0,50.0
pc,3.0,280.0,510.0,0.0,50.0,840.0
pc,3.1,40.0,20.0,0.0,0.0,60.0
pc,3.2,100.0,120.0,0.0,20.0,240.0
pc,3.3,90.0,350.0,0.0,30.0,470.0
pc,3.32,230.0,410.0,0.0,50.0,690.0
pc,3.4,40.0,0.0,0.0,10.0,50.0
pc,3.5,230.0,450.0,0.0,100.0,780.0
pc,3.6,400.0,730.0,0.0,30.0,1160.0
pc,3.7,0.0,250.0,0.0,50.0,300.0
pc,3.8,0.0,250.0,0.0,40.0,290.0
pc,3.9,1000.0,1870.0,0.0,240.0,3110.0
pc,4.0,2440.0,2240.0,0.0,550.0,5230.0
pc,4.1,80.0,50.0,0.0,10.0,140.0
pc,4.15,20.0,2790.0,0.0,0.0,2810.0
pc,4.2,770.0,2390.0,0.0,380.0,3540.0
pc,4.3,80.0,260.0,0.0,30.0,370.0
pc,4.35,10.0,20.0,0.0,10.0,40.0
pc,4.4,160.0,360.0,0.0,40.0,560.0
pc,4.5,380.0,570.0,0.0,110.0,1060.0
pc,4.6,100.0,380.0,0.0,40.0,520.0
pc,4.7,230.0,380.0,0.0,50.0,660.0
pc,4.8,880.0,1050.0,0.0,240.0,2170.0
pc,4.9,80.0,390.0,0.0,70.0,540.0
pc,5.0,60.0,270.0,0.0,50.0,380.0
pc,5.1,60.0,50.0,0.0,0.0,110.0
pc,5.2,720.0,1360.0,0.0,360.0,2440.0
pc,5.3,700.0,2090.0,0.0,330.0,3120.0
pc,5.4,760.0,1140.0,0.0,210.0,2110.0
pc,5.5,620.0,1560.0,0.0,260.0,2440.0
pc,5.6,1800.0,1050.0,0.0,150.0,3000.0
pc,5.7,670.0,1120.0,0.0,190.0,1980.0
pc,5.75,130.0,630.0,0.0,50.0,810.0
pc,5.8,450.0,1040.0,0.0,170.0,1660.0
pc,5.9,2320.0,2350.0,0.0,580.0,5250.0
pc,6.0,640.0,1850.0,0.0,230.0,2720.0
pc,6.1,280.0,450.0,0.0,90.0,820.0
pc,6.12,0.0,50.0,0.0,10.0,60.0
pc,6.2,710.0,1710.0,0.0,290.0,2710.0
pc,6.3,250.0,250.0,0.0,60.0,560.0
pc,6.4,390.0,680.0,0.0,110.0,1180.0
pc,6.45,40.0,50.0,0.0,0.0,90.0
pc,6.5,480.0,1590.0,0.0,330.0,2400.0
pc,6.57,0.0,100.0,0.0,0.0,100.0
pc,6.6,3120.0,2570.0,0.0,310.0,6000.0
pc,6.7,420.0,1860.0,0.0,370.0,2650.0
pc,6.8,1040.0,1570.0,0.0,360.0,2970.0
pc,6.85,60.0,200.0,0.0,40.0,300.0
pc,6.88,1490.0,810.0,0.0,100.0,2400.0
pc,6.9,630.0,2760.0,0.0,400.0,3790.0
pc,6.95,10.0,10.0,0.0,0.0,20.0
pc,7.0,210.0,2950.0,0.0,460.0,3620.0
pc,7.05,10.0,90.0,0.0,10.0,110.0
pc,7.1,420.0,990.0,0.0,140.0,1550.0
pc,7.2,80.0,1510.0,0.0,160.0,1750.0
pc,7.25,30.0,0.0,0.0,0.0,30.0
pc,7.3,900.0,8330.0,0.0,550.0,9780.0
pc,7.35,20.0,70.0,0.0,0.0,90.0
pc,7.4,1450.0,2180.0,0.0,470.0,4100.0
pc,7.43,0.0,10.0,0.0,0.0,10.0
pc,7.45,0.0,130.0,0.0,10.0,140.0
pc,7.5,1490.0,4840.0,0.0,2120.0,8450.0
pc,7.6,1550.0,8380.0,0.0,900.0,10830.0
pc,7.63,1960.0,0.0,0.0,0.0,1960.0
pc,7.7,560.0,2050.0,0.0,360.0,2970.0
pc,7.75,20.0,100.0,0.0,10.0,130.0
pc,7.8,1910.0,1990.0,0.0,280.0,4180.0
pc,7.85,10.0,10.0,0.0,0.0,20.0
pc,7.9,9500.0,7980.0,0.0,1270.0,18750.0
pc,8.0,2530.0,7490.0,0.0,1240.0,11260.0
pc,8.1,1500.0,5370.0,0.0,960.0,7830.0
pc,8.15,0.0,20.0,0.0,10.0,30.0
pc,8.17,20.0,0.0,0.0,0.0,20.0
pc,8.2,6450.0,5130.0,0.0,1260.0,12840.0
pc,8.25,10.0,0.0,0.0,0.0,10.0
pc,8.3,3810.0,5660.0,0.0,660.0,10130.0
pc,8.4,100.0,1900.0,0.0,400.0,2400.0
pc,8.45,0.0,90.0,0.0,0.0,90.0
pc,8.5,3420.0,4250.0,0.0,600.0,8270.0
pc,8.55,1320.0,80.0,0.0,10.0,1410.0
pc,8.6,3010.0,3320.0,0.0,530.0,6860.0
pc,8.65,1550.0,0.0,0.0,0.0,1550.0
pc,8.7,50.0,2560.0,0.0,130.0,2740.0
pc,8.8,400.0,1860.0,0.0,400.0,2660.0
pc,8.9,30.0,1460.0,0.0,130.0,1620.0
pc,9.0,2930.0,1290.0,0.0,150.0,4370.0
pc,9.1,7370.0,340.0,170.0,70.0,7950.0
pc,9.2,10.0,40.0,0.0,0.0,50.0
pc,9.3,210.0,580.0,0.0,80.0,870.0
ps,1.2,90.0,60.0,0.0,10.0,160.0
ps,2.4,120.0,80.0,0.0,10.0,210.0
ps,3.8,210.0,140.0,0.0,20.0,370.0
ps,4.0,250.0,170.0,0.0,30.0,450.0
ps,4.15,0.0,0.0,70.0,0.0,70.0
ps,4.3,90.0,60.0,0.0,10.0,160.0
ps,4.5,70.0,50.0,0.0,10.0,130.0
ps,4.6,300.0,200.0,0.0,30.0,530.0
ps,5.3,1060.0,720.0,0.0,120.0,1900.0
ps,5.7,20.0,10.0,120.0,10.0,160.0
ps,5.8,480.0,330.0,0.0,60.0,870.0
ps,5.95,0.0,0.0,740.0,50.0,790.0
ps,6.0,150.0,100.0,0.0,20.0,270.0
ps,6.1,510.0,350.0,0.0,60.0,920.0
ps,6.2,690.0,470.0,370.0,100.0,1630.0
ps,6.3,790.0,540.0,530.0,130.0,1990.0
ps,6.4,80.0,60.0,0.0,10.0,150.0
ps,6.5,250.0,170.0,0.0,30.0,450.0
ps,6.6,630.0,420.0,0.0,80.0,1130.0
ps,6.7,540.0,370.0,0.0,60.0,970.0
ps,6.8,1780.0,190.0,160.0,70.0,2200.0
ps,6.88,1180.0,270.0,0.0,50.0,1500.0
ps,6.9,620.0,430.0,0.0,80.0,1130.0
ps,6.95,180.0,120.0,50.0,20.0,370.0
ps,7.0,380.0,260.0,290.0,70.0,1000.0
ps,7.05,610.0,410.0,0.0,70.0,1090.0
ps,7.1,820.0,1370.0,40.0,140.0,2370.0
ps,7.2,220.0,150.0,20.0,30.0,420.0
ps,7.3,310.0,200.0,110.0,50.0,670.0
ps,7.35,4080.0,2770.0,0.0,460.0,7310.0
ps,7.4,3980.0,3490.0,1630.0,560.0,9660.0
ps,7.5,1530.0,2110.0,140.0,240.0,4020.0
ps,7.6,8310.0,6070.0,950.0,980.0,16310.0
ps,7.63,2450.0,1670.0,1940.0,430.0,6490.0
ps,7.7,9800.0,6020.0,350.0,910.0,17080.0
ps,7.75,340.0,230.0,60.0,40.0,670.0
ps,7.8,9800.0,5890.0,1290.0,1120.0,18100.0
ps,7.85,0.0,0.0,610.0,40.0,650.0
ps,7.9,4430.0,3010.0,1480.0,620.0,9540.0
ps,8.0,6130.0,5470.0,3170.0,1030.0,15800.0
ps,8.1,4740.0,3890.0,1250.0,610.0,10490.0
ps,8.2,9180.0,6590.0,2960.0,960.0,19690.0
ps,8.25,400.0,270.0,0.0,50.0,720.0
ps,8.3,18250.0,11090.0,4090.0,1830.0,35260.0
ps,8.35,430.0,300.0,0.0,50.0,780.0
ps,8.4,6160.0,2980.0,10330.0,950.0,20420.0
ps,8.45,130.0,100.0,710.0,70.0,1010.0
ps,8.5,5590.0,3740.0,5590.0,800.0,15720.0
ps,8.55,18730.0,8340.0,2930.0,1560.0,31560.0
ps,8.6,17260.0,11510.0,6340.0,1850.0,36960.0
ps,8.65,3420.0,2990.0,1670.0,580.0,8660.0
ps,8.7,6490.0,6830.0,7460.0,1180.0,21960.0
ps,8.75,6330.0,3210.0,450.0,600.0,10590.0
ps,8.8,4490.0,3310.0,1320.0,590.0,9710.0
ps,8.85,550.0,310.0,3860.0,340.0,5060.0
ps,8.9,9290.0,5030.0,8510.0,870.0,23700.0
ps,9.0,12950.0,9470.0,3670.0,1970.0,28060.0
ps,9.1,4380.0,2980.0,1460.0,420.0,9240.0
ps,9.2,9700.0,6260.0,6410.0,1840.0,24210.0
ps,9.3,330.0,220.0,120.0,50.0,720.0
ps,9.4,3760.0,2230.0,990.0,320.0,7300.0
ps,9.7,290.0,190.0,460.0,70.0,1010.0
ps2,1.7,200.0,160.0,0.0,50.0,410.0
ps2,2.0,120.0,90.0,0.0,30.0,240.0
ps2,2.1,100.0,70.0,0.0,30.0,200.0
ps2,2.3,110.0,0.0,0.0,30.0,140.0
ps2,2.6,280.0,300.0,0.0,540.0,1120.0
ps2,2.8,160.0,130.0,0.0,40.0,330.0
ps2,2.9,550.0,20.0,0.0,90.0,660.0
ps2,3.0,170.0,140.0,560.0,50.0,920.0
ps2,3.1,210.0,160.0,0.0,50.0,420.0
ps2,3.2,30.0,30.0,0.0,10.0,70.0
ps2,3.3,450.0,350.0,0.0,120.0,920.0
ps2,3.4,800.0,630.0,0.0,210.0,1640.0
ps2,3.5,180.0,130.0,0.0,50.0,360.0
ps2,3.6,260.0,210.0,0.0,70.0,540.0
ps2,3.7,60.0,50.0,0.0,20.0,130.0
ps2,3.8,160.0,130.0,0.0,50.0,340.0
ps2,3.9,390.0,300.0,0.0,100.0,790.0
ps2,4.0,150.0,110.0,30.0,30.0,320.0
ps2,4.1,1090.0,1230.0,0.0,370.0,2690.0
ps2,4.2,120.0,100.0,0.0,30.0,250.0
ps2,4.3,800.0,260.0,0.0,340.0,1400.0
ps2,4.35,250.0,190.0,0.0,60.0,500.0
ps2,4.4,940.0,180.0,0.0,340.0,1460.0
ps2,4.5,510.0,400.0,0.0,140.0,1050.0
ps2,4.6,1970.0,1080.0,0.0,580.0,3630.0
ps2,4.7,140.0,110.0,0.0,40.0,290.0
ps2,4.8,820.0,630.0,0.0,210.0,1660.0
ps2,4.9,480.0,110.0,170.0,90.0,850.0
ps2,5.0,1300.0,1630.0,0.0,520.0,3450.0
ps2,5.1,1140.0,890.0,140.0,300.0,2470.0
ps2,5.2,770.0,220.0,0.0,530.0,1520.0
ps2,5.23,50.0,40.0,0.0,10.0,100.0
ps2,5.3,1580.0,1080.0,100.0,690.0,3450.0
ps2,5.4,920.0,420.0,0.0,200.0,1540.0
ps2,5.5,1270.0,590.0,0.0,1340.0,3200.0
ps2,5.6,1040.0,540.0,160.0,370.0,2110.0
ps2,5.7,3100.0,2390.0,0.0,790.0,6280.0
ps2,5.77,110.0,0.0,0.0,80.0,190.0
ps2,5.8,2310.0,1490.0,280.0,1160.0,5240.0
ps2,5.85,70.0,60.0,0.0,20.0,150.0
ps2,5.9,1000.0,1910.0,0.0,730.0,3640.0
ps2,6.0,6600.0,1500.0,160.0,920.0,9180.0
ps2,6.05,170.0,130.0,0.0,40.0,340.0
ps2,6.07,140.0,110.0,0.0,40.0,290.0
ps2,6.1,700.0,250.0,30.0,150.0,1130.0
ps2,6.2,4880.0,2570.0,200.0,2690.0,10340.0
ps2,6.25,1340.0,660.0,50.0,200.0,2250.0
ps2,6.3,4670.0,2030.0,270.0,1100.0,8070.0
ps2,6.33,20.0,20.0,0.0,10.0,50.0
ps2,6.35,200.0,150.0,0.0,50.0,400.0
ps2,6.4,1580.0,3070.0,240.0,930.0,5820.0
ps2,6.45,120.0,100.0,0.0,30.0,250.0
ps2,6.5,3980.0,1840.0,560.0,4120.0,10500.0
ps2,6.52,120.0,90.0,0.0,30.0,240.0
ps2,6.57,210.0,110.0,1110.0,190.0,1620.0
ps2,6.6,9360.0,6810.0,3290.0,5350.0,24810.0
ps2,6.7,2990.0,3850.0,110.0,1830.0,8780.0
ps2,6.75,150.0,60.0,0.0,190.0,400.0
ps2,6.8,7240.0,5860.0,1200.0,2360.0,16660.0
ps2,6.82,130.0,100.0,1220.0,40.0,1490.0
ps2,6.85,0.0,0.0,280.0,0.0,280.0
ps2,6.88,170.0,0.0,0.0,260.0,430.0
ps2,6.9,3620.0,1770.0,750.0,2990.0,9130.0
ps2,6.95,130.0,60.0,70.0,40.0,300.0
ps2,7.0,6630.0,3590.0,600.0,3340.0,14160.0
ps2,7.05,2850.0,2190.0,1620.0,3210.0,9870.0
ps2,7.1,3730.0,3310.0,390.0,1870.0,9300.0
ps2,7.13,340.0,270.0,0.0,90.0,700.0
ps2,7.18,0.0,0.0,90.0,0.0,90.0
ps2,7.2,6610.0,3250.0,1180.0,4070.0,15110.0
ps2,7.25,630.0,310.0,30.0,320.0,1290.0
ps2,7.3,6970.0,5850.0,4300.0,2470.0,19590.0
ps2,7.35,630.0,400.0,960.0,250.0,2240.0
ps2,7.4,12400.0,6970.0,3430.0,4600.0,27400.0
ps2,7.43,210.0,170.0,470.0,60.0,910.0
ps2,7.45,1070.0,660.0,1690.0,470.0,3890.0
ps2,7.5,11090.0,8070.0,1370.0,3360.0,23890.0
ps2,7.55,900.0,700.0,1880.0,230.0,3710.0
ps2,7.58,200.0,160.0,0.0,50.0,410.0
ps2,7.6,16900.0,18090.0,8690.0,8380.0,52060.0
ps2,7.65,640.0,1210.0,10.0,380.0,2240.0
ps2,7.68,340.0,10.0,0.0,60.0,410.0
ps2,7.7,29050.0,14380.0,4570.0,6450.0,54450.0
ps2,7.75,5170.0,3990.0,1770.0,1340.0,12270.0
ps2,7.8,25100.0,15730.0,4220.0,6380.0,51430.0
ps2,7.85,3990.0,2860.0,850.0,970.0,8670.0
ps2,7.9,23820.0,8710.0,2830.0,6150.0,41510.0
ps2,7.95,2280.0,3090.0,1050.0,1110.0,7530.0
ps2,8.0,26730.0,16350.0,8290.0,7540.0,58910.0
ps2,8.05,0.0,0.0,900.0,0.0,900.0
ps2,8.08,120.0,10.0,0.0,140.0,270.0
ps2,8.1,11570.0,7240.0,4290.0,4390.0,27490.0
ps2,8.2,31020.0,15930.0,8370.0,9170.0,64490.0
ps2,8.25,90.0,70.0,2680.0,20.0,2860.0
ps2,8.3,20520.0,12510.0,7040.0,6700.0,46770.0
ps2,8.4,32850.0,15930.0,7160.0,7850.0,63790.0
ps2,8.45,110.0,80.0,610.0,30.0,830.0
ps2,8.5,52590.0,26900.0,5800.0,17560.0,102850.0
ps2,8.55,0.0,0.0,60.0,0.0,60.0
ps2,8.6,31170.0,17600.0,1910.0,7810.0,58490.0
ps2,8.65,150.0,120.0,160.0,40.0,470.0
ps2,8.7,34600.0,21940.0,6860.0,7470.0,70870.0
ps2,8.8,23390.0,10700.0,9060.0,3710.0,46860.0
ps2,8.9,28780.0,15290.0,5760.0,8000.0,57830.0
ps2,8.95,220.0,170.0,0.0,60.0,450.0
ps2,9.0,33390.0,11270.0,6190.0,15000.0,65850.0
ps2,9.1,13470.0,10830.0,6290.0,3900.0,34490.0
ps2,9.2,3230.0,1610.0,760.0,1630.0,7230.0
ps2,9.3,2930.0,550.0,3000.0,2560.0,9040.0
ps2,9.5,140.0,110.0,0.0,40.0,290.0
ps3,0.2,70.0,20.0,0.0,20.0,110.0
ps3,0.5,130.0,0.0,0.0,10.0,140.0
ps3,1.0,20.0,10.0,0.0,10.0,40.0
ps3,1.6,210.0,90.0,0.0,60.0,360.0
ps3,1.7,220.0,250.0,10.0,90.0,570.0
ps3,1.8,120.0,0.0,0.0,10.0,130.0
ps3,2.0,60.0,40.0,0.0,20.0,120.0
ps3,2.1,380.0,140.0,0.0,70.0,590.0
ps3,2.4,150.0,80.0,0.0,40.0,270.0
ps3,2.6,4100.0,3630.0,380.0,1250.0,9360.0
ps3,2.7,1080.0,110.0,0.0,270.0,1460.0
ps3,2.8,310.0,220.0,0.0,90.0,620.0
ps3,2.9,0.0,90.0,20.0,20.0,130.0
ps3,3.0,0.0,20.0,0.0,0.0,20.0
ps3,3.1,1230.0,520.0,0.0,340.0,2090.0
ps3,3.2,5950.0,7570.0,540.0,1970.0,16030.0
ps3,3.25,30.0,50.0,0.0,10.0,90.0
ps3,3.3,790.0,1000.0,30.0,280.0,2100.0
ps3,3.4,380.0,390.0,40.0,140.0,950.0
ps3,3.5,1310.0,360.0,20.0,310.0,2000.0
ps3,3.6,580.0,580.0,0.0,240.0,1400.0
ps3,3.7,450.0,220.0,200.0,100.0,970.0
ps3,3.8,760.0,540.0,0.0,240.0,1540.0
ps3,3.9,250.0,700.0,270.0,240.0,1460.0
ps3,4.0,280.0,50.0,0.0,40.0,370.0
ps3,4.1,3070.0,1400.0,570.0,1070.0,6110.0
ps3,4.2,800.0,260.0,10.0,150.0,1220.0
ps3,4.3,1660.0,5250.0,130.0,1720.0,8760.0
ps3,4.4,2190.0,380.0,0.0,320.0,2890.0
ps3,4.5,1990.0,3870.0,170.0,1050.0,7080.0
ps3,4.53,0.0,10.0,0.0,0.0,10.0
ps3,4.6,670.0,130.0,40.0,170.0,1010.0
ps3,4.7,430.0,130.0,10.0,80.0,650.0
ps3,4.8,3120.0,3060.0,300.0,1160.0,7640.0
ps3,4.9,2750.0,1700.0,450.0,820.0,5720.0
ps3,5.0,1960.0,750.0,180.0,420.0,3310.0
ps3,5.1,900.0,940.0,240.0,330.0,2410.0
ps3,5.2,1250.0,710.0,700.0,350.0,3010.0
ps3,5.3,8060.0,7180.0,1120.0,3120.0,19480.0
ps3,5.35,80.0,20.0,0.0,10.0,110.0
ps3,5.4,2210.0,1620.0,1100.0,690.0,5620.0
ps3,5.45,0.0,0.0,340.0,0.0,340.0
ps3,5.5,5890.0,2130.0,110.0,1050.0,9180.0
ps3,5.6,1070.0,840.0,0.0,350.0,2260.0
ps3,5.64,0.0,20.0,30.0,0.0,50.0
ps3,5.7,1920.0,1620.0,40.0,670.0,4250.0
ps3,5.75,510.0,950.0,70.0,280.0,1810.0
ps3,5.8,3080.0,2390.0,340.0,950.0,6760.0
ps3,5.9,2940.0,2870.0,950.0,1130.0,7890.0
ps3,6.0,3760.0,3760.0,410.0,1550.0,9480.0
ps3,6.1,4500.0,3060.0,430.0,1100.0,9090.0
ps3,6.2,3290.0,2090.0,460.0,950.0,6790.0
ps3,6.27,110.0,10.0,0.0,10.0,130.0
ps3,6.3,9540.0,7180.0,820.0,3040.0,20580.0
ps3,6.35,100.0,50.0,0.0,20.0,170.0
ps3,6.4,14520.0,14620.0,1500.0,5570.0,36210.0
ps3,6.45,820.0,990.0,460.0,360.0,2630.0
ps3,6.5,3480.0,6460.0,1880.0,2280.0,14100.0
ps3,6.57,0.0,0.0,400.0,0.0,400.0
ps3,6.6,7920.0,10890.0,1990.0,4320.0,25120.0
ps3,6.7,6670.0,6090.0,3550.0,2260.0,18570.0
ps3,6.8,11500.0,7420.0,1310.0,3210.0,23440.0
ps3,6.82,0.0,100.0,90.0,0.0,190.0
ps3,6.85,730.0,970.0,120.0,370.0,2190.0
ps3,6.9,11540.0,9790.0,1880.0,4220.0,27430.0
ps3,6.95,210.0,60.0,300.0,60.0,630.0
ps3,7.0,7550.0,6950.0,2500.0,2640.0,19640.0
ps3,7.05,1580.0,2870.0,780.0,850.0,6080.0
ps3,7.1,11350.0,11310.0,4650.0,4280.0,31590.0
ps3,7.2,10090.0,8680.0,2810.0,3440.0,25020.0
ps3,7.23,0.0,10.0,90.0,0.0,100.0
ps3,7.25,280.0,300.0,20.0,120.0,720.0
ps3,7.3,14840.0,10570.0,4110.0,4540.0,34060.0
ps3,7.35,220.0,690.0,480.0,60.0,1450.0
ps3,7.38,40.0,100.0,0.0,30.0,170.0
ps3,7.4,10430.0,8010.0,2200.0,3440.0,24080.0
ps3,7.43,20.0,160.0,200.0,20.0,400.0
ps3,7.45,170.0,140.0,560.0,60.0,930.0
ps3,7.5,28660.0,27090.0,6470.0,11180.0,73400.0
ps3,7.6,10670.0,9490.0,870.0,3570.0,24600.0
ps3,7.63,0.0,0.0,390.0,0.0,390.0
ps3,7.65,430.0,330.0,450.0,150.0,1360.0
ps3,7.67,310.0,300.0,10.0,110.0,730.0
ps3,7.7,14670.0,13280.0,2520.0,5310.0,35780.0
ps3,7.75,290.0,330.0,80.0,120.0,820.0
ps3,7.8,11420.0,7980.0,2130.0,3470.0,25000.0
ps3,7.9,16900.0,10230.0,3770.0,4680.0,35580.0
ps3,8.0,10860.0,10410.0,2870.0,4280.0,28420.0
ps3,8.05,10.0,10.0,30.0,0.0,50.0
ps3,8.1,14950.0,12580.0,2580.0,5230.0,35340.0
ps3,8.15,750.0,210.0,50.0,120.0,1130.0
ps3,8.2,18270.0,16060.0,4460.0,7060.0,45850.0
ps3,8.3,9520.0,6680.0,2180.0,2910.0,21290.0
ps3,8.34,710.0,1460.0,60.0,580.0,2810.0
ps3,8.4,13580.0,8340.0,1300.0,3770.0,26990.0
ps3,8.5,5580.0,6090.0,1600.0,2500.0,15770.0
ps3,8.6,8650.0,5490.0,960.0,2570.0,17670.0
ps3,8.7,10610.0,5260.0,2140.0,2700.0,20710.0
ps3,8.75,0.0,0.0,30.0,0.0,30.0
ps3,8.8,9370.0,6220.0,1540.0,2770.0,19900.0
ps3,8.9,3270.0,1640.0,420.0,790.0,6120.0
ps3,9.0,830.0,360.0,330.0,240.0,1760.0
ps3,9.1,2410.0,2180.0,420.0,990.0,6000.0
ps4,1.5,90.0,80.0,0.0,30.0,200.0
ps4,1.9,0.0,50.0,0.0,10.0,60.0
ps4,2.0,110.0,80.0,0.0,40.0,230.0
ps4,2.3,10.0,0.0,0.0,0.0,10.0
ps4,2.7,150.0,50.0,0.0,40.0,240.0
ps4,2.9,60.0,70.0,0.0,30.0,160.0
ps4,3.0,0.0,50.0,0.0,10.0,60.0
ps4,3.3,170.0,80.0,0.0,50.0,300.0
ps4,3.4,2050.0,2340.0,230.0,870.0,5490.0
ps4,3.5,40.0,0.0,0.0,10.0,50.0
ps4,3.6,310.0,190.0,0.0,100.0,600.0
ps4,3.7,1960.0,1680.0,50.0,650.0,4340.0
ps4,3.8,100.0,210.0,30.0,60.0,400.0
ps4,4.1,0.0,210.0,0.0,40.0,250.0
ps4,4.3,1510.0,6580.0,110.0,1440.0,9640.0
ps4,4.5,630.0,830.0,30.0,280.0,1770.0
ps4,4.6,0.0,50.0,0.0,10.0,60.0
ps4,4.7,130.0,160.0,20.0,50.0,360.0
ps4,4.8,40.0,70.0,0.0,20.0,130.0
ps4,4.9,2440.0,2240.0,80.0,940.0,5700.0
ps4,5.0,1370.0,6690.0,220.0,1430.0,9710.0
ps4,5.1,810.0,1680.0,30.0,470.0,2990.0
ps4,5.2,950.0,380.0,0.0,260.0,1590.0
ps4,5.3,100.0,140.0,0.0,50.0,290.0
ps4,5.4,350.0,1080.0,30.0,260.0,1720.0
ps4,5.5,1150.0,1180.0,40.0,460.0,2830.0
ps4,5.6,350.0,220.0,0.0,110.0,680.0
ps4,5.64,500.0,1620.0,80.0,390.0,2590.0
ps4,5.67,510.0,980.0,60.0,280.0,1830.0
ps4,5.7,3750.0,7960.0,190.0,2190.0,14090.0
ps4,5.75,9020.0,9350.0,580.0,3660.0,22610.0
ps4,5.8,380.0,220.0,10.0,130.0,740.0
ps4,5.9,2460.0,550.0,0.0,660.0,3670.0
ps4,6.0,850.0,810.0,230.0,320.0,2210.0
ps4,6.1,5860.0,5050.0,350.0,2190.0,13450.0
ps4,6.2,1840.0,2330.0,280.0,780.0,5230.0
ps4,6.3,3140.0,5680.0,310.0,1670.0,10800.0
ps4,6.4,70.0,230.0,10.0,60.0,370.0
ps4,6.45,310.0,480.0,30.0,150.0,970.0
ps4,6.5,4560.0,5390.0,870.0,1910.0,12730.0
ps4,6.6,1180.0,2350.0,200.0,660.0,4390.0
ps4,6.7,3820.0,1040.0,50.0,1060.0,5970.0
ps4,6.73,130.0,180.0,30.0,60.0,400.0
ps4,6.8,2310.0,4030.0,250.0,1160.0,7750.0
ps4,6.9,2410.0,2970.0,230.0,990.0,6600.0
ps4,6.95,930.0,520.0,1020.0,320.0,2790.0
ps4,7.0,3460.0,3170.0,330.0,1330.0,8290.0
ps4,7.05,670.0,790.0,0.0,290.0,1750.0
ps4,7.1,3960.0,5330.0,1310.0,1820.0,12420.0
ps4,7.2,300.0,730.0,140.0,200.0,1370.0
ps4,7.25,0.0,0.0,20.0,0.0,20.0
ps4,7.3,1460.0,2100.0,390.0,690.0,4640.0
ps4,7.35,330.0,230.0,80.0,110.0,750.0
ps4,7.4,1330.0,1970.0,230.0,640.0,4170.0
ps4,7.5,2270.0,2830.0,280.0,1000.0,6380.0
ps4,7.6,2030.0,2780.0,330.0,930.0,6070.0
ps4,7.63,590.0,790.0,1150.0,270.0,2800.0
ps4,7.7,5050.0,5350.0,540.0,2070.0,13010.0
ps4,7.75,290.0,330.0,70.0,120.0,810.0
ps4,7.78,90.0,100.0,0.0,40.0,230.0
ps4,7.8,3270.0,3560.0,790.0,1280.0,8900.0
ps4,7.9,4860.0,5190.0,450.0,2000.0,12500.0
ps4,7.93,160.0,200.0,0.0,70.0,430.0
ps4,8.0,980.0,1330.0,890.0,440.0,3640.0
ps4,8.1,4360.0,5380.0,470.0,1900.0,12110.0
ps4,8.2,2040.0,2800.0,760.0,940.0,6540.0
ps4,8.23,10.0,0.0,80.0,0.0,90.0
ps4,8.3,4070.0,6450.0,510.0,2020.0,13050.0
ps4,8.4,1760.0,2790.0,300.0,870.0,5720.0
ps4,8.5,1170.0,2010.0,140.0,610.0,3930.0
ps4,8.6,1280.0,1150.0,340.0,500.0,3270.0
ps4,8.7,490.0,1020.0,70.0,270.0,1850.0
ps4,8.8,650.0,450.0,340.0,220.0,1660.0
ps4,9.1,1880.0,2000.0,70.0,770.0,4720.0
ps4,9.2,1020.0,2130.0,230.0,590.0,3970.0
psp,0.6,90.0,0.0,0.0,10.0,100.0
psp,0.9,90.0,0.0,0.0,10.0,100.0
psp,2.8,300.0,0.0,0.0,30.0,330.0
psp,3.0,150.0,70.0,0.0,50.0,270.0
psp,3.1,150.0,0.0,0.0,10.0,160.0
psp,3.2,50.0,180.0,20.0,90.0,340.0
psp,3.4,0.0,150.0,0.0,40.0,190.0
psp,3.9,0.0,0.0,20.0,0.0,20.0
psp,4.0,60.0,0.0,0.0,0.0,60.0
psp,4.1,210.0,160.0,0.0,110.0,480.0
psp,4.2,210.0,0.0,10.0,20.0,240.0
psp,4.25,40.0,0.0,0.0,0.0,40.0
psp,4.27,0.0,20.0,140.0,0.0,160.0
psp,4.4,230.0,0.0,10.0,20.0,260.0
psp,4.5,170.0,10.0,0.0,20.0,200.0
psp,4.6,190.0,330.0,220.0,190.0,930.0
psp,4.7,160.0,10.0,0.0,20.0,190.0
psp,4.8,110.0,50.0,0.0,20.0,180.0
psp,4.82,110.0,20.0,0.0,20.0,150.0
psp,4.9,30.0,0.0,0.0,0.0,30.0
psp,4.93,110.0,0.0,0.0,10.0,120.0
psp,5.0,300.0,50.0,50.0,40.0,440.0
psp,5.2,110.0,0.0,430.0,20.0,560.0
psp,5.23,180.0,120.0,0.0,70.0,370.0
psp,5.3,270.0,0.0,30.0,30.0,330.0
psp,5.4,580.0,690.0,130.0,410.0,1810.0
psp,5.45,0.0,0.0,90.0,0.0,90.0
psp,5.5,230.0,220.0,170.0,140.0,760.0
psp,5.6,300.0,770.0,70.0,440.0,1580.0
psp,5.65,80.0,0.0,0.0,10.0,90.0
psp,5.7,310.0,150.0,0.0,100.0,560.0
psp,5.8,540.0,520.0,300.0,280.0,1640.0
psp,5.87,210.0,0.0,0.0,20.0,230.0
psp,5.9,230.0,30.0,0.0,30.0,290.0
psp,5.93,70.0,0.0,0.0,10.0,80.0
psp,6.0,980.0,330.0,50.0,270.0,1630.0
psp,6.02,290.0,220.0,0.0,140.0,650.0
psp,6.05,560.0,120.0,0.0,100.0,780.0
psp,6.07,120.0,80.0,0.0,50.0,250.0
psp,6.1,190.0,70.0,270.0,50.0,580.0
psp,6.2,690.0,230.0,190.0,170.0,1280.0
psp,6.22,170.0,40.0,0.0,40.0,250.0
psp,6.25,80.0,0.0,0.0,10.0,90.0
psp,6.3,900.0,470.0,380.0,300.0,2050.0
psp,6.33,50.0,0.0,0.0,10.0,60.0
psp,6.4,2360.0,310.0,1960.0,380.0,5010.0
psp,6.43,210.0,340.0,0.0,200.0,750.0
psp,6.45,130.0,60.0,1460.0,40.0,1690.0
psp,6.5,2060.0,1240.0,820.0,800.0,4920.0
psp,6.57,0.0,0.0,270.0,0.0,270.0
psp,6.6,3030.0,1310.0,470.0,850.0,5660.0
psp,6.65,100.0,0.0,0.0,10.0,110.0
psp,6.7,870.0,1390.0,1640.0,750.0,4650.0
psp,6.8,3590.0,2800.0,1100.0,1620.0,9110.0
psp,6.82,0.0,330.0,120.0,0.0,450.0
psp,6.83,0.0,70.0,180.0,30.0,280.0
psp,6.85,100.0,10.0,1320.0,20.0,1450.0
psp,6.88,100.0,0.0,0.0,10.0,110.0
psp,6.9,1770.0,1130.0,260.0,680.0,3840.0
psp,6.95,100.0,90.0,0.0,50.0,240.0
psp,7.0,4340.0,3070.0,4480.0,1920.0,13810.0
psp,7.05,300.0,610.0,430.0,120.0,1460.0
psp,7.1,3330.0,1760.0,1700.0,1150.0,7940.0
psp,7.15,210.0,230.0,0.0,140.0,580.0
psp,7.2,2620.0,1660.0,4680.0,1080.0,10040.0
psp,7.25,310.0,290.0,310.0,170.0,1080.0
psp,7.28,140.0,150.0,0.0,80.0,370.0
psp,7.3,3770.0,3220.0,2780.0,1800.0,11570.0
psp,7.35,520.0,50.0,1120.0,60.0,1750.0
psp,7.4,2550.0,1980.0,8660.0,1170.0,14360.0
psp,7.42,350.0,180.0,0.0,120.0,650.0
psp,7.43,90.0,0.0,520.0,10.0,620.0
psp,7.45,350.0,170.0,1230.0,120.0,1870.0
psp,7.5,3580.0,1400.0,6490.0,1200.0,12670.0
psp,7.6,6660.0,4360.0,4110.0,2850.0,17980.0
psp,7.63,100.0,100.0,0.0,60.0,260.0
psp,7.65,20.0,0.0,880.0,0.0,900.0
psp,7.7,2700.0,1970.0,3870.0,760.0,9300.0
psp,7.75,450.0,280.0,60.0,50.0,840.0
psp,7.8,8130.0,3790.0,2160.0,2550.0,16630.0
psp,7.82,140.0,360.0,0.0,180.0,680.0
psp,7.85,80.0,0.0,0.0,10.0,90.0
psp,7.9,6120.0,4580.0,910.0,2810.0,14420.0
psp,8.0,6020.0,4000.0,2980.0,2610.0,15610.0
psp,8.05,320.0,260.0,120.0,170.0,870.0
psp,8.08,90.0,10.0,0.0,10.0,110.0
psp,8.1,5960.0,3860.0,2020.0,2500.0,14340.0
psp,8.2,3200.0,1970.0,1680.0,1000.0,7850.0
psp,8.3,2000.0,1630.0,1310.0,670.0,5610.0
psp,8.4,3550.0,1710.0,250.0,1170.0,6680.0
psp,8.5,2920.0,420.0,270.0,450.0,4060.0
psp,8.6,4650.0,2340.0,2200.0,1630.0,10820.0
psp,8.7,5420.0,3320.0,6930.0,2250.0,17920.0
psp,8.8,1550.0,850.0,270.0,560.0,3230.0
psp,8.9,690.0,1140.0,1090.0,610.0,3530.0
psp,8.95,0.0,0.0,190.0,0.0,190.0
psp,9.0,1190.0,280.0,0.0,250.0,1720.0
psp,9.1,230.0,140.0,0.0,90.0,460.0
psp,9.3,80.0,0.0,0.0,10.0,90.0
psp,9.7,0.0,20.0,0.0,10.0,30.0
psv,1.8,80.0,230.0,10.0,90.0,410.0
psv,2.0,30.0,30.0,0.0,20.0,80.0
psv,2.5,20.0,90.0,0.0,30.0,140.0
psv,3.1,80.0,350.0,50.0,120.0,600.0
psv,3.25,0.0,30.0,0.0,10.0,40.0
psv,3.7,30.0,70.0,50.0,20.0,170.0
psv,3.8,70.0,60.0,0.0,30.0,160.0
psv,3.9,0.0,10.0,90.0,0.0,100.0
psv,4.1,0.0,280.0,50.0,110.0,440.0
psv,4.5,0.0,20.0,0.0,10.0,30.0
psv,4.8,840.0,490.0,70.0,290.0,1690.0
psv,5.1,110.0,50.0,0.0,40.0,200.0
psv,5.2,0.0,0.0,250.0,0.0,250.0
psv,5.45,0.0,0.0,190.0,0.0,190.0
psv,5.5,140.0,200.0,0.0,60.0,400.0
psv,5.6,130.0,320.0,0.0,130.0,580.0
psv,5.64,0.0,0.0,50.0,0.0,50.0
psv,5.7,0.0,10.0,0.0,0.0,10.0
psv,5.8,40.0,30.0,0.0,20.0,90.0
psv,6.0,50.0,0.0,250.0,20.0,320.0
psv,6.05,10.0,0.0,0.0,0.0,10.0
psv,6.2,30.0,70.0,310.0,20.0,430.0
psv,6.3,0.0,30.0,130.0,10.0,170.0
psv,6.35,20.0,40.0,0.0,10.0,70.0
psv,6.4,310.0,380.0,0.0,160.0,850.0
psv,6.45,120.0,0.0,700.0,40.0,860.0
psv,6.5,40.0,280.0,70.0,90.0,480.0
psv,6.6,70.0,200.0,50.0,80.0,400.0
psv,6.7,210.0,170.0,210.0,90.0,680.0
psv,6.8,510.0,550.0,250.0,270.0,1580.0
psv,6.9,20.0,20.0,70.0,10.0,120.0
psv,6.95,0.0,0.0,1550.0,0.0,1550.0
psv,7.0,180.0,50.0,410.0,60.0,700.0
psv,7.01,110.0,290.0,0.0,110.0,510.0
psv,7.1,210.0,310.0,1970.0,150.0,2640.0
psv,7.2,810.0,960.0,470.0,380.0,2620.0
psv,7.3,320.0,30.0,540.0,40.0,930.0
psv,7.35,50.0,30.0,800.0,20.0,900.0
psv,7.4,850.0,800.0,740.0,360.0,2750.0
psv,7.45,40.0,20.0,250.0,10.0,320.0
psv,7.5,1230.0,1210.0,2050.0,610.0,5100.0
psv,7.6,580.0,340.0,420.0,260.0,1600.0
psv,7.63,0.0,0.0,680.0,0.0,680.0
psv,7.65,110.0,110.0,870.0,70.0,1160.0
psv,7.7,220.0,270.0,70.0,110.0,670.0
psv,7.75,20.0,20.0,560.0,10.0,610.0
psv,7.8,970.0,480.0,1260.0,280.0,2990.0
psv,7.9,190.0,70.0,540.0,80.0,880.0
psv,8.0,100.0,100.0,1610.0,50.0,1860.0
psv,8.1,240.0,210.0,900.0,110.0,1460.0
psv,8.2,420.0,320.0,220.0,180.0,1140.0
psv,8.3,230.0,120.0,410.0,120.0,880.0
psv,8.34,330.0,450.0,10.0,220.0,1010.0
psv,8.4,440.0,640.0,520.0,270.0,1870.0
psv,8.5,430.0,440.0,560.0,230.0,1660.0
psv,8.6,500.0,730.0,530.0,350.0,2110.0
psv,8.7,180.0,50.0,100.0,60.0,390.0
psv,8.8,120.0,20.0,500.0,50.0,690.0
psv,8.9,340.0,730.0,40.0,310.0,1420.0
psv,9.2,400.0,270.0,380.0,170.0,1220.0
psv,9.3,0.0,30.0,50.0,10.0,90.0
sat,4.15,0.0,0.0,60.0,0.0,60.0
sat,6.6,0.0,0.0,420.0,0.0,420.0
sat,7.6,0.0,0.0,80.0,0.0,80.0
sat,7.8,0.0,0.0,280.0,0.0,280.0
sat,8.2,0.0,0.0,50.0,0.0,50.0
sat,8.3,0.0,0.0,70.0,0.0,70.0
sat,8.5,0.0,0.0,1310.0,0.0,1310.0
sat,8.55,0.0,0.0,440.0,0.0,440.0
sat,8.6,0.0,0.0,180.0,0.0,180.0
sat,8.7,0.0,0.0,1130.0,0.0,1130.0
sat,8.8,0.0,0.0,40.0,0.0,40.0
sat,8.85,0.0,0.0,1230.0,0.0,1230.0
sat,9.0,0.0,0.0,170.0,0.0,170.0
sat,9.1,0.0,0.0,210.0,0.0,210.0
snes,7.58,1190.0,160.0,0.0,30.0,1380.0
snes,7.6,0.0,0.0,1610.0,0.0,1610.0
snes,7.8,0.0,0.0,490.0,0.0,490.0
snes,8.0,860.0,0.0,2550.0,20.0,3430.0
snes,8.1,0.0,0.0,400.0,0.0,400.0
snes,8.2,0.0,0.0,400.0,0.0,400.0
snes,8.5,0.0,0.0,6140.0,10.0,6150.0
snes,8.55,0.0,0.0,140.0,0.0,140.0
snes,8.65,0.0,0.0,260.0,0.0,260.0
snes,8.8,0.0,0.0,1070.0,0.0,1070.0
snes,8.9,4640.0,1710.0,5620.0,240.0,12210.0
wii,0.2,40.0,0.0,0.0,0.0,40.0
wii,0.3,40.0,0.0,0.0,0.0,40.0
wii,0.6,20.0,0.0,0.0,0.0,20.0
wii,0.7,40.0,0.0,0.0,0.0,40.0
wii,1.0,80.0,10.0,0.0,10.0,100.0
wii,1.1,380.0,0.0,0.0,30.0,410.0
wii,1.3,250.0,0.0,0.0,20.0,270.0
wii,1.4,170.0,10.0,0.0,20.0,200.0
wii,1.6,180.0,440.0,0.0,70.0,690.0
wii,1.7,160.0,0.0,0.0,20.0,180.0
wii,1.8,650.0,200.0,0.0,90.0,940.0
wii,2.0,980.0,200.0,0.0,110.0,1290.0
wii,2.1,140.0,130.0,0.0,30.0,300.0
wii,2.5,770.0,690.0,0.0,160.0,1620.0
wii,2.7,120.0,0.0,0.0,10.0,130.0
wii,2.8,740.0,140.0,0.0,60.0,940.0
wii,3.0,630.0,10.0,50.0,50.0,740.0
wii,3.1,210.0,0.0,0.0,10.0,220.0
wii,3.25,90.0,0.0,0.0,10.0,100.0
wii,3.3,250.0,650.0,0.0,120.0,1020.0
wii,3.4,110.0,0.0,0.0,10.0,120.0
wii,3.5,350.0,10.0,0.0,30.0,390.0
wii,3.6,800.0,700.0,10.0,180.0,1690.0
wii,3.7,270.0,240.0,0.0,60.0,570.0
wii,3.8,330.0,80.0,0.0,40.0,450.0
wii,3.9,40.0,130.0,0.0,10.0,180.0
wii,4.0,790.0,160.0,20.0,90.0,1060.0
wii,4.1,50.0,0.0,0.0,0.0,50.0
wii,4.2,1190.0,680.0,0.0,190.0,2060.0
wii,4.3,3680.0,1550.0,0.0,460.0,5690.0
wii,4.35,850.0,350.0,0.0,120.0,1320.0
wii,4.4,1000.0,170.0,0.0,110.0,1280.0
wii,4.45,110.0,60.0,0.0,20.0,190.0
wii,4.5,2360.0,190.0,0.0,210.0,2760.0
wii,4.53,0.0,10.0,0.0,0.0,10.0
wii,4.6,3570.0,1920.0,460.0,620.0,6570.0
wii,4.65,3450.0,2590.0,0.0,660.0,6700.0
wii,4.7,60.0,0.0,0.0,0.0,60.0
wii,4.8,520.0,180.0,0.0,40.0,740.0
wii,4.82,170.0,30.0,0.0,20.0,220.0
wii,4.9,650.0,290.0,20.0,90.0,1050.0
wii,5.0,1990.0,290.0,10.0,180.0,2470.0
wii,5.1,390.0,20.0,0.0,40.0,450.0
wii,5.13,670.0,210.0,0.0,70.0,950.0
wii,5.2,3180.0,1600.0,0.0,490.0,5270.0
wii,5.3,2980.0,1260.0,50.0,450.0,4740.0
wii,5.33,0.0,90.0,0.0,10.0,100.0
wii,5.35,180.0,90.0,0.0,30.0,300.0
wii,5.4,3800.0,1300.0,380.0,490.0,5970.0
wii,5.5,1030.0,250.0,0.0,110.0,1390.0
wii,5.6,2430.0,1240.0,60.0,420.0,4150.0
wii,5.63,60.0,30.0,0.0,10.0,100.0
wii,5.65,480.0,20.0,0.0,30.0,530.0
wii,5.7,2730.0,2090.0,40.0,550.0,5410.0
wii,5.77,140.0,90.0,0.0,20.0,250.0
wii,5.78,410.0,460.0,0.0,80.0,950.0
wii,5.8,4320.0,2240.0,20.0,670.0,7250.0
wii,5.85,430.0,20.0,0.0,30.0,480.0
wii,5.88,830.0,30.0,0.0,70.0,930.0
wii,5.9,1820.0,670.0,520.0,240.0,3250.0
wii,5.93,250.0,50.0,0.0,30.0,330.0
wii,5.95,80.0,0.0,0.0,10.0,90.0
wii,6.0,5030.0,3180.0,50.0,890.0,9150.0
wii,6.07,150.0,30.0,0.0,10.0,190.0
wii,6.1,2420.0,1910.0,190.0,480.0,5000.0
wii,6.15,90.0,60.0,0.0,20.0,170.0
wii,6.17,70.0,0.0,0.0,10.0,80.0
wii,6.2,4570.0,2610.0,0.0,710.0,7890.0
wii,6.3,7950.0,3790.0,1590.0,1220.0,14550.0
wii,6.33,140.0,0.0,0.0,10.0,150.0
wii,6.37,130.0,30.0,0.0,10.0,170.0
wii,6.4,12040.0,4700.0,480.0,1490.0,18710.0
wii,6.45,5600.0,2100.0,1120.0,740.0,9560.0
wii,6.5,4820.0,4250.0,530.0,1090.0,10690.0
wii,6.57,1700.0,600.0,330.0,210.0,2840.0
wii,6.6,21940.0,13600.0,3130.0,4120.0,42790.0
wii,6.7,6910.0,2410.0,610.0,920.0,10850.0
wii,6.75,200.0,300.0,0.0,70.0,570.0
wii,6.8,10430.0,4150.0,1440.0,1430.0,17450.0
wii,6.82,4970.0,4100.0,1020.0,1120.0,11210.0
wii,6.83,0.0,30.0,60.0,0.0,90.0
wii,6.85,910.0,400.0,170.0,120.0,1600.0
wii,6.87,310.0,180.0,0.0,50.0,540.0
wii,6.9,4370.0,3320.0,470.0,900.0,9060.0
wii,6.95,170.0,90.0,0.0,20.0,280.0
wii,7.0,26590.0,9880.0,3130.0,3250.0,42850.0
wii,7.05,4590.0,2220.0,340.0,540.0,7690.0
wii,7.1,11180.0,3680.0,1370.0,1410.0,17640.0
wii,7.2,16140.0,5670.0,2640.0,1890.0,26340.0
wii,7.25,1970.0,890.0,160.0,280.0,3300.0
wii,7.3,17840.0,8200.0,460.0,2450.0,28950.0
wii,7.35,140.0,10.0,270.0,10.0,430.0
wii,7.4,14110.0,14330.0,5860.0,3100.0,37400.0
wii,7.43,9520.0,4900.0,780.0,1530.0,16730.0
wii,7.45,7180.0,1000.0,1660.0,650.0,10490.0
wii,7.5,4150.0,1780.0,1380.0,550.0,7860.0
wii,7.6,13330.0,6240.0,2610.0,1980.0,24160.0
wii,7.63,60.0,10.0,0.0,10.0,80.0
wii,7.68,460.0,10.0,0.0,30.0,500.0
wii,7.7,15360.0,11520.0,3660.0,3160.0,33700.0
wii,7.75,2110.0,140.0,0.0,180.0,2430.0
wii,7.8,15090.0,5580.0,1260.0,2160.0,24090.0
wii,7.9,6280.0,2700.0,870.0,940.0,10790.0
wii,8.0,70240.0,48900.0,8210.0,13840.0,141190.0
wii,8.1,6740.0,3030.0,330.0,990.0,11090.0
wii,8.15,50.0,30.0,0.0,0.0,80.0
wii,8.2,4310.0,1390.0,120.0,550.0,6370.0
wii,8.3,21580.0,16800.0,3860.0,4360.0,46600.0
wii,8.4,24080.0,11730.0,5530.0,3720.0,45060.0
wii,8.47,70.0,20.0,0.0,10.0,100.0
wii,8.5,6100.0,2260.0,1250.0,790.0,10400.0
wii,8.57,1320.0,560.0,140.0,200.0,2220.0
wii,8.6,9060.0,5150.0,2140.0,1460.0,17810.0
wii,8.7,5770.0,2920.0,410.0,940.0,10040.0
wii,8.8,2950.0,1170.0,640.0,400.0,5160.0
wii,8.9,20080.0,9040.0,4230.0,2700.0,36050.0
wii,9.0,3930.0,2150.0,1370.0,700.0,8150.0
wii,9.1,3560.0,2350.0,980.0,620.0,7510.0
wii,9.3,420.0,50.0,0.0,140.0,610.0
wiiu,2.7,200.0,120.0,0.0,30.0,350.0
wiiu,2.8,0.0,10.0,0.0,0.0,10.0
wiiu,3.4,220.0,90.0,10.0,30.0,350.0
wiiu,3.5,90.0,30.0,0.0,10.0,130.0
wiiu,3.6,190.0,90.0,0.0,30.0,310.0
wiiu,3.9,0.0,20.0,0.0,0.0,20.0
wiiu,4.4,190.0,110.0,90.0,30.0,420.0
wiiu,4.6,100.0,40.0,0.0,10.0,150.0
wiiu,4.7,140.0,30.0,0.0,20.0,190.0
wiiu,4.9,30.0,50.0,0.0,10.0,90.0
wiiu,5.0,60.0,40.0,0.0,10.0,110.0
wiiu,5.2,390.0,250.0,130.0,60.0,830.0
wiiu,5.3,270.0,190.0,140.0,40.0,640.0
wiiu,5.4,130.0,120.0,0.0,20.0,270.0
wiiu,5.5,20.0,0.0,0.0,0.0,20.0
wiiu,5.6,560.0,400.0,10.0,90.0,1060.0
wiiu,5.75,90.0,80.0,0.0,20.0,190.0
wiiu,5.8,0.0,20.0,20.0,0.0,40.0
wiiu,6.0,380.0,150.0,0.0,50.0,580.0
wiiu,6.1,120.0,50.0,0.0,20.0,190.0
wiiu,6.2,170.0,320.0,90.0,40.0,620.0
wiiu,6.3,150.0,70.0,0.0,20.0,240.0
wiiu,6.4,260.0,310.0,20.0,50.0,640.0
wiiu,6.5,1140.0,760.0,250.0,190.0,2340.0
wiiu,6.6,400.0,290.0,0.0,60.0,750.0
wiiu,6.7,210.0,0.0,0.0,20.0,230.0
wiiu,6.8,670.0,840.0,890.0,110.0,2510.0
wiiu,6.9,810.0,700.0,310.0,130.0,1950.0
wiiu,6.95,70.0,140.0,110.0,20.0,340.0
wiiu,7.0,490.0,410.0,40.0,90.0,1030.0
wiiu,7.1,1570.0,900.0,100.0,240.0,2810.0
wiiu,7.2,220.0,40.0,50.0,20.0,330.0
wiiu,7.3,300.0,200.0,10.0,40.0,550.0
wiiu,7.4,650.0,300.0,100.0,100.0,1150.0
wiiu,7.45,70.0,40.0,0.0,10.0,120.0
wiiu,7.5,2670.0,1150.0,1070.0,390.0,5280.0
wiiu,7.6,640.0,480.0,80.0,100.0,1300.0
wiiu,7.65,0.0,0.0,410.0,0.0,410.0
wiiu,7.7,1370.0,910.0,290.0,210.0,2780.0
wiiu,7.8,340.0,350.0,20.0,60.0,770.0
wiiu,7.85,90.0,70.0,10.0,10.0,180.0
wiiu,7.9,3920.0,1810.0,640.0,540.0,6910.0
wiiu,8.0,1520.0,1090.0,570.0,260.0,3440.0
wiiu,8.1,2570.0,1530.0,1290.0,360.0,5750.0
wiiu,8.2,860.0,770.0,250.0,150.0,2030.0
wiiu,8.3,630.0,460.0,140.0,110.0,1340.0
wiiu,8.33,50.0,50.0,0.0,10.0,110.0
wiiu,8.34,130.0,120.0,0.0,20.0,270.0
wiiu,8.4,560.0,330.0,80.0,90.0,1060.0
wiiu,8.5,2350.0,1760.0,1650.0,390.0,6150.0
wiiu,8.6,770.0,580.0,410.0,130.0,1890.0
wiiu,8.63,160.0,180.0,0.0,30.0,370.0
wiiu,8.7,1870.0,1540.0,1260.0,320.0,4990.0
wiiu,8.9,1980.0,1430.0,440.0,320.0,4170.0
wiiu,9.0,2110.0,1160.0,730.0,320.0,4320.0
wiiu,9.1,3150.0,2150.0,1280.0,510.0,7090.0
ws,8.4,0.0,0.0,970.0,0.0,970.0
ws,8.45,0.0,0.0,30.0,0.0,30.0
ws,8.55,0.0,0.0,170.0,0.0,170.0
ws,8.7,0.0,0.0,250.0,0.0,250.0
x360,0.7,140.0,20.0,0.0,20.0,180.0
x360,1.2,70.0,20.0,0.0,10.0,100.0
x360,1.3,160.0,10.0,0.0,20.0,190.0
x360,1.4,180.0,10.0,0.0,20.0,210.0
x360,1.7,110.0,280.0,0.0,30.0,420.0
x360,2.1,860.0,250.0,0.0,100.0,1210.0
x360,2.2,140.0,20.0,0.0,10.0,170.0
x360,2.4,80.0,20.0,20.0,10.0,130.0
x360,2.5,140.0,10.0,0.0,10.0,160.0
x360,2.6,6730.0,2560.0,40.0,910.0,10240.0
x360,2.8,630.0,80.0,0.0,80.0,790.0
x360,2.9,2530.0,1410.0,30.0,310.0,4280.0
x360,3.0,2250.0,220.0,0.0,250.0,2720.0
x360,3.1,1110.0,460.0,0.0,140.0,1710.0
x360,3.2,790.0,50.0,0.0,100.0,940.0
x360,3.25,0.0,30.0,0.0,0.0,30.0
x360,3.3,470.0,220.0,0.0,60.0,750.0
x360,3.4,9300.0,4260.0,130.0,1350.0,15040.0
x360,3.5,1640.0,680.0,30.0,200.0,2550.0
x360,3.6,210.0,20.0,0.0,20.0,250.0
x360,3.7,630.0,210.0,0.0,70.0,910.0
x360,3.8,940.0,450.0,0.0,150.0,1540.0
x360,3.9,370.0,210.0,0.0,70.0,650.0
x360,4.0,890.0,320.0,0.0,110.0,1320.0
x360,4.1,1020.0,430.0,0.0,140.0,1590.0
x360,4.2,2170.0,4880.0,20.0,660.0,7730.0
x360,4.3,160.0,240.0,0.0,30.0,430.0
x360,4.4,2500.0,1550.0,60.0,390.0,4500.0
x360,4.5,930.0,340.0,10.0,120.0,1400.0
x360,4.6,740.0,390.0,0.0,120.0,1250.0
x360,4.7,2080.0,650.0,0.0,270.0,3000.0
x360,4.8,8820.0,4520.0,70.0,1200.0,14610.0
x360,4.9,6710.0,1540.0,40.0,800.0,9090.0
x360,5.0,4600.0,2160.0,80.0,640.0,7480.0
x360,5.1,2970.0,960.0,10.0,390.0,4330.0
x360,5.17,120.0,0.0,0.0,10.0,130.0
x360,5.2,3910.0,1250.0,50.0,500.0,5710.0
x360,5.3,2600.0,300.0,0.0,260.0,3160.0
x360,5.4,4120.0,1980.0,70.0,560.0,6730.0
x360,5.48,0.0,10.0,0.0,0.0,10.0
x360,5.5,5970.0,1200.0,0.0,690.0,7860.0
x360,5.6,7010.0,1800.0,30.0,830.0,9670.0
x360,5.7,5490.0,1910.0,30.0,660.0,8090.0
x360,5.75,1180.0,450.0,0.0,170.0,1800.0
x360,5.78,540.0,270.0,0.0,80.0,890.0
x360,5.8,8990.0,2790.0,80.0,1020.0,12880.0
x360,5.9,6460.0,2480.0,100.0,860.0,9900.0
x360,6.0,5400.0,2400.0,60.0,770.0,8630.0
x360,6.1,5640.0,4580.0,80.0,1090.0,11390.0
x360,6.2,3090.0,1390.0,200.0,430.0,5110.0
x360,6.3,41700.0,16130.0,500.0,5400.0,63730.0
x360,6.35,380.0,40.0,0.0,30.0,450.0
x360,6.4,6810.0,3050.0,10.0,940.0,10810.0
x360,6.43,540.0,90.0,0.0,60.0,690.0
x360,6.45,2780.0,760.0,0.0,300.0,3840.0
x360,6.5,15340.0,9790.0,250.0,2670.0,28050.0
x360,6.57,0.0,0.0,30.0,0.0,30.0
x360,6.6,6610.0,3230.0,220.0,870.0,10930.0
x360,6.68,230.0,20.0,0.0,20.0,270.0
x360,6.7,13770.0,7460.0,260.0,2100.0,23590.0
x360,6.8,9200.0,4900.0,100.0,1450.0,15650.0
x360,6.82,60.0,10.0,0.0,0.0,70.0
x360,6.85,660.0,520.0,90.0,120.0,1390.0
x360,6.87,120.0,100.0,0.0,30.0,250.0
x360,6.9,12940.0,6510.0,310.0,1930.0,21690.0
x360,6.95,40.0,30.0,0.0,10.0,80.0
x360,7.0,22480.0,8760.0,790.0,2910.0,34940.0
x360,7.05,1310.0,1790.0,130.0,320.0,3550.0
x360,7.1,18630.0,9550.0,350.0,2920.0,31450.0
x360,7.2,17700.0,7540.0,520.0,2490.0,28250.0
x360,7.25,340.0,230.0,120.0,60.0,750.0
x360,7.3,11680.0,5160.0,650.0,1560.0,19050.0
x360,7.35,330.0,160.0,0.0,50.0,540.0
x360,7.4,19190.0,8950.0,440.0,2820.0,31400.0
x360,7.43,250.0,220.0,0.0,30.0,500.0
x360,7.45,350.0,150.0,10.0,50.0,560.0
x360,7.5,18820.0,11350.0,450.0,3100.0,33720.0
x360,7.6,21870.0,11730.0,530.0,3500.0,37630.0
x360,7.63,30.0,0.0,0.0,0.0,30.0
x360,7.7,20130.0,7630.0,520.0,2720.0,31000.0
x360,7.75,990.0,360.0,100.0,130.0,1580.0
x360,7.8,29050.0,13190.0,670.0,4240.0,47150.0
x360,7.9,36480.0,14260.0,870.0,4980.0,56590.0
x360,8.0,16840.0,10230.0,470.0,2800.0,30340.0
x360,8.1,28910.0,10370.0,470.0,3690.0,43440.0
x360,8.2,17340.0,7250.0,500.0,2370.0,27460.0
x360,8.3,19140.0,8260.0,380.0,2780.0,30560.0
x360,8.4,17330.0,8310.0,380.0,2690.0,28710.0
x360,8.5,13350.0,5830.0,240.0,1880.0,21300.0
x360,8.6,9280.0,3970.0,130.0,1330.0,14710.0
x360,8.7,11640.0,4750.0,280.0,1640.0,18310.0
x360,8.8,5150.0,1630.0,100.0,680.0,7560.0
x360,8.9,4840.0,2220.0,100.0,730.0,7890.0
x360,8.95,0.0,0.0,60.0,0.0,60.0
x360,9.0,3800.0,1950.0,90.0,590.0,6430.0
xb,0.5,80.0,20.0,0.0,0.0,100.0
xb,1.2,20.0,10.0,0.0,0.0,30.0
xb,1.5,50.0,10.0,0.0,0.0,60.0
xb,2.0,120.0,30.0,0.0,10.0,160.0
xb,2.4,230.0,70.0,0.0,10.0,310.0
xb,2.5,50.0,10.0,0.0,0.0,60.0
xb,2.7,40.0,10.0,0.0,0.0,50.0
xb,2.8,270.0,70.0,0.0,10.0,350.0
xb,3.0,120.0,30.0,0.0,10.0,160.0
xb,3.4,90.0,30.0,0.0,0.0,120.0
xb,3.6,140.0,30.0,0.0,0.0,170.0
xb,3.7,30.0,10.0,0.0,0.0,40.0
xb,4.0,180.0,50.0,0.0,0.0,230.0
xb,4.1,150.0,50.0,30.0,0.0,230.0
xb,4.3,540.0,150.0,0.0,30.0,720.0
xb,4.4,220.0,60.0,0.0,10.0,290.0
xb,4.5,100.0,20.0,0.0,0.0,120.0
xb,4.6,160.0,40.0,0.0,0.0,200.0
xb,4.7,530.0,430.0,0.0,30.0,990.0
xb,4.8,70.0,20.0,0.0,0.0,90.0
xb,5.0,300.0,90.0,0.0,10.0,400.0
xb,5.1,1270.0,580.0,0.0,80.0,1930.0
xb,5.2,1070.0,270.0,20.0,50.0,1410.0
xb,5.3,440.0,110.0,0.0,20.0,570.0
xb,5.4,360.0,140.0,0.0,10.0,510.0
xb,5.5,390.0,110.0,0.0,20.0,520.0
xb,5.6,200.0,60.0,0.0,0.0,260.0
xb,5.7,660.0,340.0,0.0,30.0,1030.0
xb,5.8,1240.0,500.0,0.0,60.0,1800.0
xb,5.88,150.0,40.0,0.0,10.0,200.0
xb,5.9,1300.0,390.0,0.0,70.0,1760.0
xb,6.0,820.0,280.0,0.0,30.0,1130.0
xb,6.1,1610.0,570.0,0.0,90.0,2270.0
xb,6.17,110.0,40.0,0.0,10.0,160.0
xb,6.2,610.0,170.0,0.0,30.0,810.0
xb,6.25,480.0,160.0,0.0,20.0,660.0
xb,6.3,340.0,110.0,0.0,20.0,470.0
xb,6.35,70.0,20.0,0.0,0.0,90.0
xb,6.4,1800.0,310.0,0.0,90.0,2200.0
xb,6.45,70.0,20.0,0.0,0.0,90.0
xb,6.5,1300.0,430.0,0.0,60.0,1790.0
xb,6.6,2050.0,760.0,0.0,110.0,2920.0
xb,6.65,770.0,110.0,0.0,40.0,920.0
xb,6.7,2320.0,210.0,0.0,100.0,2630.0
xb,6.8,550.0,170.0,0.0,10.0,730.0
xb,6.85,60.0,20.0,0.0,0.0,80.0
xb,6.9,3330.0,1080.0,0.0,150.0,4560.0
xb,7.0,1340.0,500.0,0.0,50.0,1890.0
xb,7.05,190.0,50.0,0.0,10.0,250.0
xb,7.1,1850.0,740.0,10.0,90.0,2690.0
xb,7.2,2410.0,930.0,0.0,100.0,3440.0
xb,7.25,10.0,0.0,0.0,0.0,10.0
xb,7.3,2320.0,960.0,0.0,140.0,3420.0
xb,7.35,10.0,0.0,0.0,0.0,10.0
xb,7.37,360.0,110.0,0.0,20.0,490.0
xb,7.4,5420.0,1720.0,10.0,250.0,7400.0
xb,7.5,5930.0,2070.0,60.0,290.0,8350.0
xb,7.55,360.0,100.0,0.0,20.0,480.0
xb,7.6,5510.0,1550.0,10.0,290.0,7360.0
xb,7.65,260.0,80.0,0.0,10.0,350.0
xb,7.7,3610.0,1710.0,0.0,190.0,5510.0
xb,7.75,1210.0,400.0,0.0,50.0,1660.0
xb,7.8,8100.0,2890.0,150.0,420.0,11560.0
xb,7.85,980.0,300.0,10.0,40.0,1330.0
xb,7.9,4770.0,1770.0,60.0,250.0,6850.0
xb,7.95,2490.0,1450.0,40.0,180.0,4160.0
xb,8.0,9320.0,2540.0,30.0,380.0,12270.0
xb,8.05,300.0,90.0,0.0,10.0,400.0
xb,8.1,5780.0,2390.0,0.0,280.0,8450.0
xb,8.2,14730.0,4160.0,200.0,510.0,19600.0
xb,8.25,390.0,120.0,0.0,20.0,530.0
xb,8.3,8300.0,1960.0,60.0,330.0,10650.0
xb,8.37,180.0,50.0,0.0,10.0,240.0
xb,8.4,5880.0,1970.0,0.0,290.0,8140.0
xb,8.45,380.0,120.0,0.0,20.0,520.0
xb,8.5,12360.0,4720.0,110.0,670.0,17860.0
xb,8.6,13480.0,4330.0,370.0,540.0,18720.0
xb,8.65,700.0,200.0,0.0,30.0,930.0
xb,8.7,11030.0,3890.0,110.0,610.0,15640.0
xb,8.8,9510.0,2810.0,70.0,450.0,12840.0
xb,8.9,7230.0,2290.0,30.0,320.0,9870.0
xb,9.0,2910.0,890.0,0.0,130.0,3930.0
xb,9.1,6210.0,1780.0,0.0,330.0,8320.0
xb,9.2,2720.0,680.0,0.0,110.0,3510.0
xb,9.3,710.0,210.0,0.0,30.0,950.0
xb,9.5,70.0,20.0,0.0,0.0,90.0
xone,1.6,30.0,0.0,0.0,0.0,30.0
xone,2.1,90.0,20.0,0.0,10.0,120.0
xone,3.0,110.0,70.0,0.0,20.0,200.0
xone,3.1,1660.0,810.0,0.0,250.0,2720.0
xone,3.2,310.0,60.0,0.0,40.0,410.0
xone,4.0,200.0,10.0,0.0,30.0,240.0
xone,4.1,2350.0,970.0,0.0,340.0,3660.0
xone,4.2,20.0,0.0,0.0,0.0,20.0
xone,4.3,2060.0,890.0,0.0,290.0,3240.0
xone,4.4,980.0,2180.0,0.0,250.0,3410.0
xone,4.5,0.0,10.0,0.0,0.0,10.0
xone,4.6,280.0,290.0,0.0,50.0,620.0
xone,4.8,180.0,150.0,0.0,30.0,360.0
xone,4.9,20.0,30.0,0.0,0.0,50.0
xone,5.1,1880.0,1120.0,30.0,300.0,3330.0
xone,5.2,960.0,290.0,0.0,130.0,1380.0
xone,5.3,210.0,270.0,0.0,50.0,530.0
xone,5.4,4000.0,3080.0,10.0,660.0,7750.0
xone,5.5,3080.0,3200.0,0.0,550.0,6830.0
xone,5.6,720.0,340.0,0.0,110.0,1170.0
xone,5.64,300.0,360.0,0.0,60.0,720.0
xone,5.67,360.0,240.0,0.0,60.0,660.0
xone,5.7,1400.0,590.0,0.0,200.0,2190.0
xone,5.75,6630.0,3390.0,30.0,1000.0,11050.0
xone,5.78,260.0,70.0,0.0,40.0,370.0
xone,5.8,1920.0,1510.0,0.0,330.0,3760.0
xone,5.9,3210.0,1200.0,10.0,450.0,4870.0
xone,6.0,750.0,250.0,0.0,110.0,1110.0
xone,6.1,3790.0,1140.0,0.0,530.0,5460.0
xone,6.2,6410.0,2100.0,10.0,890.0,9410.0
xone,6.3,1760.0,320.0,0.0,230.0,2310.0
xone,6.4,6780.0,2530.0,70.0,970.0,10350.0
xone,6.45,190.0,150.0,10.0,30.0,380.0
xone,6.6,2410.0,1240.0,0.0,370.0,4020.0
xone,6.62,10.0,0.0,0.0,0.0,10.0
xone,6.7,490.0,330.0,0.0,80.0,900.0
xone,6.73,100.0,90.0,0.0,20.0,210.0
xone,6.8,2430.0,1150.0,20.0,360.0,3960.0
xone,6.9,3930.0,2060.0,0.0,620.0,6610.0
xone,6.95,140.0,60.0,0.0,20.0,220.0
xone,7.0,1220.0,780.0,0.0,170.0,2170.0
xone,7.1,1700.0,1030.0,0.0,260.0,2990.0
xone,7.15,0.0,40.0,0.0,0.0,40.0
xone,7.2,2470.0,1330.0,30.0,370.0,4200.0
xone,7.3,1930.0,910.0,10.0,300.0,3150.0
xone,7.4,2300.0,1370.0,0.0,350.0,4020.0
xone,7.5,5850.0,2190.0,10.0,840.0,8890.0
xone,7.6,30.0,40.0,0.0,10.0,80.0
xone,7.63,410.0,270.0,0.0,70.0,750.0
xone,7.7,1450.0,940.0,10.0,220.0,2620.0
xone,7.75,330.0,210.0,0.0,50.0,590.0
xone,7.78,40.0,20.0,0.0,10.0,70.0
xone,7.8,1750.0,980.0,20.0,270.0,3020.0
xone,7.9,3900.0,3390.0,30.0,670.0,7990.0
xone,7.93,100.0,90.0,0.0,20.0,210.0
xone,8.0,2060.0,1700.0,30.0,340.0,4130.0
xone,8.1,380.0,250.0,0.0,50.0,680.0
xone,8.2,1830.0,1620.0,10.0,320.0,3780.0
xone,8.3,210.0,320.0,0.0,40.0,570.0
xone,8.35,40.0,70.0,0.0,10.0,120.0
xone,8.4,980.0,510.0,0.0,160.0,1650.0
xone,8.5,610.0,300.0,0.0,90.0,1000.0
xone,8.6,260.0,90.0,0.0,40.0,390.0
xone,8.7,130.0,60.0,0.0,20.0,210.0
xone,8.8,10.0,0.0,0.0,0.0,10.0
xone,8.9,30.0,10.0,0.0,0.0,40.0
xone,9.2,690.0,500.0,0.0,110.0,1300.0
